指標名,ナイトライフ施設,,,,,,,,,,,,,
出典,TOKYO CLUB MAP,,,,,,,,,,,,,
年次,2023/3/21,,,,,,,,,,,,,
URL,https://www.tokyo-club.net/,,,,,,,,,,,,,
備考,（2020年度：340件、2021年度：343件、2022年度：344件）,,,,,,,,,,,,,
,,,,,,,,,,,,,,
区,町丁,エリア,住所,緯度,経度,施設名,業種,ジャンル,電話,営業時間,定休日,キャパシティ,平均利用金額,URL
新宿区,神楽坂六丁目,-,東京都新宿区神楽坂6-48 TOMOSビルB1F,35.703351,139.736116,KGRN ･ KAGURANE[Kagurazaka],クラブ,Ambient ･ Minimal ･ Deep House ･ Techno,03-6265-3523,※イベントごとに変動,不定,80～100名,2500円～,https://kagurane.com/
港区,高輪四丁目,-,東京都港区高輪4-10-30 品川プリンスホテルメインタワー39F,35.627601,139.73672,TABLE 9 TOKYO[Shinagawa],レストラン (NINE BAR: DJバー),Lounge Music ･ House ･ Techno ･ Jazz ･ Disco ･ Soul ･ Black Music,03-5421-1114 ※代表,ナインバー: 17:00-04:00(DJタイム: 火-土 21:00-23:45),無し,48席,"6,000円～エントランス: 2,000円～",https://www.princehotels.co.jp/shinagawa/restaurant/contents/table9tokyo/ninebar/
渋谷区,神宮前六丁目,-,東京都渋谷区神宮前6-28-6 キュープラザ原宿10F-11F,35.667036,139.70407,Sankeys PENTHOUSE[Harajuku],バーラウンジ,TechHouse ･ BassMusic ･ House ･ Techno ･ Disco ･ Electronic ･ HipHop ･ etc.,03-6419-7531,12:00-24:00,無し,150席面積: 約260平米 (10階 150平米 / 11階 110平米),"3,500円～エントランス: 無料～1000円 (目安)",https://sankeyspenthouse.com/
品川区,東五反田一丁目,-,東京都品川区東五反田1-11-5 バルミー五反田B1F,35.627232,139.725688,VRAIMENT[Gotanda],クラブバー,Allmix ･ Others,03-6456-4459,19:00-05:00,不定休,40名前後,基本的にエントランス無料ドリンク 600円～,http://vraiment-tokyo.com/
千代田区,丸の内一丁目,大丸有,東京都千代田区丸の内1-5-1 新丸ビル7F,35.682664,139.764224,marunouchi HOUSE[Marunouchi],レストランフロア,Jazz ･ Disco ･ 80s ･ Lounge ･ HipHop ･ House ･ Techno ･ Allmix ･ Live ･ Others,03-5218-5100,11:00-04:00 / 日･祝 11:00-23:00,不定休 (新丸の内ビルディングの営業日に準ずる),ソータイアード: 108席文史郎: 91席来夢来人: 33席ソバキチ: 42席リゴレット: 108席現バー: 38席ヘンリーグッドセブン: 50席ムスムス: 38席沢村: 58席,"店により異なる(夜: 大方4,000円前後)",http://www.marunouchi-house.com/
中央区,八丁堀三丁目,-,東京都中央区八丁堀3-22-9 B1F,35.674784,139.777244,SOUND&BAR HOWL[Hatchobori],バー ･ イベント会場,Allmix ･ 80s ･ 90s ･ Trance ･ Techno ･ Disco,03-5541-3329,18:00-24:00 ※イベントによっては変動,無休,19席 / 立 40名前後,3000円 ※日によりエントランス料が発生する場合有,-
新宿区,西早稲田二丁目,-,東京都新宿区西早稲田2-1-19 YKビルB1F,35.706508,139.71746,音楽喫茶 茶箱[Waseda],カフェバー,Techno ･ House ･ Others ･ Live ･ Electronic ･ A-POP,03-5272-7385,18:30-23:30 ※日により変動貸切可能: 平日18:00-24:00 / 土･日･祝14:00-24:00,月,40人,2000円～,http://sabaco.jp/
渋谷区,代々木二丁目,-,東京都渋谷区代々木2-26-2 第二桑野ビル1-C,35.685243,139.699304,Spincoaster Music Bar[Yoyogi],バー,BlackMusic ･ All Genre ･ Disco ･ POPs ･ ChillOut ･ House ･ HipHop ･ etc.,03-6300-9211,19:00-02:00,日 (貸切は可能),17席,2500円 (チャージ700円),https://bar.spincoaster.com/
千代田区,神田佐久間河岸,-,東京都千代田区神田佐久間河岸55 ASビルB1F,35.69718,139.776362,CLUB GOODMAN[Akihabara],ライブハウス,All Genre ･ POPs ･ Rock ･ Acoustic ･ Folk ･ Live ･ Others,03-3862-9010,※開始は日程より異なる貸切対応 10:00-22:00,無休,230人,-,-
新宿区,早稲田町,-,東京都新宿区早稲田町74 オアシスビルB1F,35.705764,139.722813,RiNen[Waseda],ライブハウス,Acoustic ･ Folk ･ POPs ･ Rock ･ Others,03-6273-8832,公演開始時間は日により変動(貸切: 平日 15:00-22:00 / 土･日･祝 10:00-22:00),-,-,3000円～,http://waseda-rinen.com/
新宿区,百人町一丁目,-,東京都新宿区百人町1-23-3 亀井ビル2F,35.69875,139.697175,Rock Inn DICE[Okubo],バー,Rock ･ Punk ･ Metal ･ Acoustic ･ Live,03-5937-2043,19:00-05:00,不定休,30名,2000円前後～,http://rock-inn-dice.tokyo/
千代田区,神田佐久間町二丁目,-,東京都千代田区神田佐久間町2-11 アオイビル2F,35.697977,139.776576,あるけみすと[Akihabara],DJバー,A-POP ･ Game Music,03-3863-4766,19:00-05:00土･日･祝: カフェ営業 14:00～,無休,20名,3000円,http://alchemi.jp/
新宿区,百人町一丁目,-,東京都新宿区百人町1-17-7 大久保ビルA館B1F,35.701587,139.69761,HOTSHOT[Okubo],ライブハウス,Blues ･ Folk ･ POPs ･ Jazz ･ HeavyMetal ･ Rock ･ Others,03-5338-8280,※公演開始はそれぞれ異なる貸切受付時間昼 10:00-15:00夜 17:00-22:00,無し ※不定休,立 120人 / 座 ～50人,-,-
渋谷区,代々木一丁目,-,東京都渋谷区代々木1-31-12 日綜代々木ビルB1F,35.681402,139.702328,LIVE labo YOYOGI[Yoyogi],ライブハウス,Rock ･ POPs ･ Folk ･ Live ･ Others,03-5354-3120,※ライブごとに変動貸切 昼10:00-14:00 / 夜14:30-22:30,-,200～250名,-,http://www.yoyogi-labo.com/
渋谷区,神宮前三丁目,-,東京都渋谷区神宮前3-29-5,35.671782,139.70966,Deus Ex Machina[Harajuku],カフェ,House ･ Others,03-5413-3949,バー営業: 金19:00-23:00カフェ: 09:00-20:00,無し,40名ほど,"1,500円～",-
中央区,日本橋大伝馬町,-,東京都中央区日本橋大伝馬町15-2 B1F,35.691523,139.781391,CITAN[Nihonbashi],ラウンジ ･ バー,Funk ･ Soul ･ Disco ･ Jazz ･ Ska ･ Live ･ House･ etc.,03-6661-7559,イベント営業 / 金･土バー 18:00～ / DJタイム 20:00～ (※日により変動)要事前確認,-,-,ドリンク600円から,https://backpackersjapan.co.jp/citan/
渋谷区,代々木一丁目,-,東京都渋谷区代々木1-30-1 代々木パークビルB1F,35.682249,139.70177,Zher the ZOO[Yoyogi],ライブハウス,Rock ･ Acoustic ･ POPs ･ Others,03-5358-4491,日により変動,-,280人,-,-
千代田区,神田紺屋町,-,東京都千代田区神田紺屋町20-1 神保ビルB1F,35.692012,139.773308,ISOLDE[Kanda],バー,Rock ･ Blues ･ Folk ･ POPs,03-5294-6282,18:00-24:00 / 土･日･祝は、日により変動,不定休,35席未満,3800円,http://isolde.jp/
渋谷区,代々木一丁目,-,東京都渋谷区代々木1-45-3 セントオフィスビル2F,35.682243,139.698361,shirokuma[Yoyogi],バー ･ イベントスペース,House ･ HipHop ･ Funk ･ Jazz ･ Others,03-3375-8275,20:00-24:00,不定休,-,1500円,http://sake-shirokuma.com/
中央区,日本橋本石町四丁目,日八京,東京都中央区日本橋本石町4-4-15 朝日ビル本館 B1F,35.688801,139.77128,Extrawelt[Nihonbashi],カフェ ･ バー,HipHop ･ R&B ･ All Genre ･ House ･ Techno,03-3527-9494,カフェ11:00～ / バー18:00～,無休,-,2000円,https://www.facebook.com/CafeBarExtrawelt
千代田区,丸の内二丁目,大丸有,東京都千代田区丸の内2-7-3 東京ビルTOKIA 2F,35.678543,139.764911,COTTON CLUB[Marunouchi],ライブレストラン,Others ･ Live ･ Jazz,03-3215-1555,月-金 17:00-23:00 / 土･日･祝 16:00-22:30,不定休,着席180名,5000円～,http://www.cottonclubjapan.co.jp/
港区,海岸二丁目,-,東京都港区海岸2-7-104,35.650688,139.760473,JICOO[Tokyo Bay],船上バーラウンジ,Allmix ･ Techno ･ Others ･ Electronic ･ Jazz,0120-049-490,木･金･土 20:00-23:00,-,130人,5000円,http://www.jicoofloatingbar.com/
渋谷区,神宮前二丁目,-,東京都渋谷区神宮前2-23-4,35.674526,139.711049,bar bonobo[Jingumae],DJバー,House ･ Electronic ･ Lounge ･ All Genre,03-6804-5542,-,不定休,50名前後,2500円,http://bonobo.jp/
新宿区,西新宿三丁目,-,東京都新宿区西新宿3-15-8 西新宿パールビルB1F,35.683866,139.689726,WALL[Hatsudai],ライブハウス,Live ･ Others ･ POPs ･ Rock ･ All Genre,03-5351-6241,ライブスケジュールにより異なる,-,約180人,-,http://wall-moonstep.com/wall/
渋谷区,幡ケ谷二丁目,-,東京都渋谷区幡ヶ谷2-8-15 幡ヶ谷K3ビルB1F,35.677991,139.677008,FORESTLIMIT[Hatagaya],イベントスペース ･ カフェ,Live ･ Others ･ Electronic ･ Jazz ･ All Genre,03-6276-2886,イベントスケジュールにより変動,不定休,100人,-,http://forestlimit.com/
新宿区,四谷二丁目,-,東京都新宿区四谷2-10 第2太郎ビルB1F,35.687708,139.725111,OUTBREAK[Yotsuya],ライブハウス,POPs ･ Live ･ Rock ･ Others,03-5368-0852,※イベントスケジュールにより異なる,-,230人,2500円,http://www.hor-outbreak.com/
渋谷区,西原二丁目,-,東京都渋谷区西原2-27-4 B1,35.675222,139.678302,CLUB HEAVY SICK[Hatagaya],CLUB ･ ライブハウス,HipHop ･ Rock ･ Reggae ･ Live,03-3466-1445,※スケジュールにより異なる,不定休,100人,1500円～2000円,http://www.heavysick.co.jp/club/
港区,芝五丁目,-,東京都港区芝5-36-7 三田ベルジュビルB1F,35.644807,139.744919,GUARDIAN DININGBAR & SOUL[Mita],ダイニングバー,Soul ･ Jazz ･ Lounge ･ Live ･ Others,03-5419-6718,ランチ 平日11:00-14:30ディナー 月-木 18:00-23:30 / 金 18:00-03:00,土 ･ 日 ･ 祝 (貸切は営業),120人,4000円,http://www.bulls-eye.jp/guardian/
渋谷区,幡ケ谷一丁目,-,東京都渋谷区幡ヶ谷1-1-5 第一岩田ビルB1F,35.677625,139.678896,SCUBA[Hatagaya],ダイニングバー,Allmix ･ Disco ･ R&B ･ 70s ･ 80s,03-3376-2684,月-土 21:00-04:00,日 (祝日の場合営業),-,3500円,http://www.bar-scuba.com/
渋谷区,代々木一丁目,-,東京都渋谷区代々木1-28-9 代々木VILLAGE,35.681705,139.701119,Village Music Bar[Yoyogi],ミュージックバー,Techno ･ Electronic ･ R&B ･ Jazz ･ Disco ･ etc.,03-6276-8440,18:00-03:00 / 日･祝18:00-24:00,不定休,-,3000円～,http://www.yoyogi-village.jp/bar/
千代田区,丸の内二丁目,大丸有,東京都千代田区丸の内2-7-3 東京ビルTOKIA1F,35.678543,139.764911,P.C.M. PUB CARDINAL MARUNOUCHI[Marunouchi],バー ･ ラウンジ,Lounge ･ Allmix ･ etc.,03-5222-1251,月-土11:00-04:00 / 日･祝11:00-23:00,無休,着席50人 / スタンディング100人,3500円,http://www.cardinal-japan.com/restaurant/pcm/
中央区,日本橋室町二丁目,日八京,東京都中央区日本橋室町2-4-3 YUITO/日本橋室町野村ビル4F,35.687381,139.77392,XEX Nihonbashi[Nihonbashi],バー ･ ラウンジ,Lounge ･ House ･ Jazz ･ Disco ･ Live,03-3548-0065,ランチ 11:00-15:00カフェ 15:00-17:00ディナー17:30-26:00 (月～木･祝前)17:30-29:00 (17:30-29:00)17:30-23:30 (17:30-23:30)※最新の情報とは異なる可能性がございます。事前にご確認下さい,無休,300人,5000円,http://www.xexgroup.jp/nihonbashi
港区,海岸一丁目,-,東京都港区海岸1-10-45 アトレ竹芝(シアター棟) 1F,35.656915,139.761915,BANK30[Takeshiba],ラウンジ,Others,03-5422-1094,11:00-24:00,アトレ竹芝の営業に準ずる,当面はカウンター席・テラス席のみ利用可,未定,-
渋谷区,円山町,-,東京都渋谷区円山町2-16 スタジオアリアス1F-4F,35.658327,139.695015,WOMB[House Techno Electro Minimal Drum&Bass ],CLUB,House ･ Techno ･ Minimal ･ Drum&Bass ･ Electro ･ HipHop ･ TRAP ･ Allmix ･ Trance ･ DUBSTEP ･ etc.,03-5459-0039,22:00-04:30 ※イベントにより変動の為、要確認,不定休,全フロア計1000人,"平日 3,000円 / 週末 5,000円",https://www.womb.co.jp/
渋谷区,道玄坂二丁目,-,東京都渋谷区道玄坂2-10-12 新大宗ビル4号館B2F,35.658685,139.697745,Contact[House Techno Electronic Dub ],CLUB,House ･ Techno ･ Electronic ･ DUB ･ etc.,03-6427-8107,22:00～ ※イベントにより異なる,(木曜が休みとなる場合がある ※要確認),600名,"3,500円",https://www.contacttokyo.com/
渋谷区,渋谷三丁目,-,東京都渋谷区渋谷3-26-16,35.654169,139.705578,CIRCUS TOKYO[House Techno ],イベントスペース,House ･ Techno ･ Electro ･ etc.,03-6419-7520,※イベントによって異なる,クラブ営業は主に週末,約100m2 / 200名以上,"2,500円～",http://circus-tokyo.jp/
渋谷区,渋谷一丁目,-,東京都渋谷区渋谷1-25-6 渋谷パークサイド共同ビル9F,35.659599,139.701512,WREP[HipHop ],DJバー,HipHop,03-3409-6580,20:00-05:00 (月～土),(日曜日は休みとなる場合がある),-,"2,000円～ドリンク 700円～1,000円ソフトドリンク 500円～",http://djbar.wrep.jp/
渋谷区,渋谷一丁目,-,東京都渋谷区渋谷1-25-6 パークサイド共同ビル10F,35.659599,139.701512,DJ BAR Bridge[HipHop House Reggae Jazz Disco DUBSTEP ],バー,House ･ Disco ･ Reggae ･ DUBSTEP ･ HipHop ･ Jazz,03-6427-6568,月-土 20:00-05:00,不定 (祝前でない日曜は休みとなる場合が多い),100名未満 目算,"2,500円",https://djbar-bridge.com/shibuya/
渋谷区,渋谷三丁目,-,東京都渋谷区渋谷3-21-3 4F,35.657319,139.703023,Bar&Dining TORRENT[HipHop House Techno R&B Disco Lounge BassMusic ],バー＆ダイニング,Lounge ･ HipHop ･ House ･ Techno ･ R&B ･ BassMusic ･ Disco ･ etc.,03-6427-1358,バー営業: 17:00-24:00(DJ: 20:30-23:30 ※変動の為、要確認),無し,100名 (全91席),"1,500円",https://www.tokyuhotels.co.jp/stream-e/bar_dining/index.html
渋谷区,道玄坂二丁目,-,東京都渋谷区道玄坂2-14-8 TSUTAYA O-EAST内2F,35.658683,139.695573,東間屋[House Techno Disco Soul Electro ],バー,Techno ･ House ･ Disco ･ Soul ･ Electro,03-6416-4184,21:00-04:30,日 (祝前日の場合を除く),(35名～ ※目算),"2,500円～ドリンク 800円前後～",https://azumaya.jp/
渋谷区,宇田川町,-,東京都渋谷区宇田川町13-16 コクサイビルA館B1F,35.661416,139.698345,JUMANJI 33[HipHop House Allmix ],CLUB,Allmix ･ House ･ HipHop ･ etc.,03-6452-5833,20:00-04:30 ※変動の可能性あり(ハッピーアワー 20:00-24:00),無し,200人未満,"3,000円前後",http://jumanji33.com/
渋谷区,道玄坂一丁目,-,東京都渋谷区道玄坂1-6-5 東静ビルB1F,35.657758,139.699234,OATH[House Techno ],バー,House ･ Techno,03-3461-1225,20:00-05:00,不定,-,"2,500円",https://www.djbar-oath.com/
渋谷区,道玄坂一丁目,-,東京都渋谷区道玄坂1-17-9 SKプラザビルB1F,35.657036,139.697073,LAUREL TOKYO[HipHop Reggae R&B ],CLUB,HipHop ･ R&B･ Reggae ･ etc.,03-6277-5503,21:00-05:00※イベントにより変動の可能性あり,日曜,300名,"3,500円",https://laureltokyo.jp/
渋谷区,道玄坂二丁目,-,東京都渋谷区道玄坂2-23-12 フォンティスビル2F,35.659996,139.695934,Studio Freedom[HipHop House Techno Live Others Dance Electro ],イベントスペース,Dance ･ Live ･ Electro ･ Techno ･ House ･ HipHop ･ Others,03-5784-5496,スケジュールにより変動(レンタル: 日中 12:00-22:00 / 夜 23:00-05:00),不定,350人 / 面積:約207平米コインロッカー: 150,"3,000円前後 ※クラブイベントの場合(会場使用: 日中 18万円～ / 夜 10万円～)",http://studiofreedom.jp/
渋谷区,宇田川町,-,東京都渋谷区宇田川町12-3 ニュー渋谷コーポラス1F,35.661746,139.698037,CLUB VIZEL[HipHop House Allmix Reggae R&B EDM BlackMusic ],CLUB,Allmix ･ HipHop ･ House ･ R&B ･ EDM ･ BlackMusic ･ Reggae ･ etc.,03-6455-3131,20:00-04:30 ※イベントにより変動,無し,約400人,"3,000円～",https://www.vizel.tokyo/
渋谷区,道玄坂二丁目,-,東京都渋谷区道玄坂2-10-7 新大宗ビルB1F,35.658158,139.697176,SOUND MUSEUM VISION[HipHop House Techno Allmix Live Reggae EDM Electro ],CLUB,House ･ HipHop ･ Allmix ･ Techno ･ EDM ･ Live ･ Reggae ･ Electro ･ etc.,03-5728-2824,22:00-05:00 ※イベントにより変動,クラブ営業は金曜・土曜・祝前日を軸に開催,1000人 / 面積: 300坪GAIA: 500DEEP SPACE: 200D-LOUNGE: 80WHITE: 80D-BAR: 50,"5,000円",http://www.vision-tokyo.com/
渋谷区,道玄坂一丁目,-,東京都渋谷区道玄坂1-22-12 長島第一ビルB1F,35.656566,139.695715,翠月[House Techno Disco Soul ],CLUB,House ･ Techno ･ Disco ･ Soul ･ Ambient ･ etc.,03-6455-0140,21:00-05:00 ※変動の可能性あり,日,100名,"3,000円～ 目安",http://mitsuki-tokyo.com/
渋谷区,宇田川町,-,東京都渋谷区宇田川町33-1 グランド東京渋谷ビルB1F-B2F,35.660744,139.697398,Veats Shibuya[POPs All Genre ],ライブハウス,POPs ･ All Genre,03-5467-6390,スケジュールによる,不定,700名,ライブごとに変動,https://veats.jp/
渋谷区,神宮前六丁目,-,東京都渋谷区神宮前6-19-17 GEMS神宮前 8F-9F,35.66366,139.702373,BLACK BOX[All Genre ],サウンド＆シーシャバー,All Genre,03-6712-6955,20:00-29:00,無し,100人,"5,000円",https://www.blackbox-shibuya.com/
渋谷区,東二丁目,-,東京都渋谷区東2-24-1,35.652125,139.708759,頭バー[HipHop House Techno Allmix Jazz Disco Lounge Latin ],DJバー,HipHop ･ House ･ Techno ･ Allmix ･ Jazz ･ Disco ･ Lounge ･ Latin ･ etc.,03-6712-5050,19:00～,日 ･ 祝,-,"2,500円",http://www.zubar.jp/
渋谷区,道玄坂二丁目,-,東京都渋谷区道玄坂2-20-9 道玄坂柳光ビル3F,35.659516,139.695904,analog[HipHop POPs R&B 80s 90s ],バー,Popular Song ･ J-POP ･ HipHop ･ R&B ･ 80s ･ 90s,03-6416-1228,20:00-03:00,年末年始,30名未満 / 20坪,"2,900円(チャージ500円 / ドリンク1杯 1,000円前後)",https://analog-recordbar.com/
渋谷区,道玄坂二丁目,-,東京都渋谷区道玄坂2-13-5 B1F,35.658374,139.695654,beat cafe[POPs Rock 80s All Genre ],ミュージックバー,80s ･ Rock ･ POPs ･ All Genre ･ etc.,-,20:00-05:00,不定休,-,-,https://www.facebook.com/beatcafe
渋谷区,宇田川町,-,東京都渋谷区宇田川町13-8 ちとせ会館B1F,35.661235,139.698537,TK NIGHTCLUB[HipHop House Allmix DUBSTEP ],CLUB,WORLD DANCE MUSIC,03-5456-2400,22:00-04:30,なし,1000人 / 20席,"5,000円",http://tk-nightclub.com/
渋谷区,道玄坂一丁目,-,東京都渋谷区道玄坂1-2-3 渋谷フクラス(東急プラザ渋谷)17F-18F,35.657725,139.700151,CE LA VI TOKYO[House Electro ],レストラン ･ クラブ,House ･ Electro ･ etc.,0800-111-3065,セラヴィクラブラウンジ (17階)月曜定休火-木 22:00-04:00金･土 22:00-04:30日･祝 15:00-22:00※イベントにより変動,不定※1月1日は休業の可能性あり,200名 / 56席 (CE LA VI CLUB LOUNGE)98席 (BAO by CE LA VI)116席 (CE LA VI RESTAURANT&SKY BAR),"クラブラウンジ 5,000円～ ※目安レストラン ディナー 13,000円 ランチ 4,000円",https://www.celavitokyo.com/
渋谷区,道玄坂一丁目,-,東京都渋谷区道玄坂1-6-7 SUSAビル5F,35.657719,139.699066,Bar Music[Live Jazz Soul BlackMusic Acoustic Folk ],カフェ ･ バー,Jazz ･ BlackMusic ･ Soul ･ Folk ･ Acoustic ･ Live ･ etc.,03-6416-3307,19:00～日 / 16:00-24:00,不定休,12席 / 立20名～,"2,000円",https://barmusic-coffee.blogspot.com/
渋谷区,渋谷一丁目,-,東京都渋谷区渋谷1-15-16 ソシアルビル4F,35.660526,139.702961,BLOODY ANGLE[Others POPs Disco ],ミュージックバー,Popular Song ･ Rare groove ･ Afro Funk ･ POPs ･ Disco ･ Others,03-6427-5178,21:00～,日 ･ 祝,20席前後,"1,500円～",https://bloodyangle.tokyo/
渋谷区,神南一丁目,-,東京都渋谷区神南1-23-10 マグネット内 7F,35.65975,139.700932,MAG7[House Allmix Others POPs Disco BassMusic ],飲食施設,House ･ Allmix ･ J-POP ･ Disco ･ BassMusic ･ Others,03-3477-5111,飲食店舗営業: 11:00-23:00(金曜: DJパーティ 20:30-22:30) ※要確認,MAGNETの営業日に準ずる,(イベントスペース: 立100名以上 ※目算),"1,000円～",https://magnetbyshibuya109.jp/mag7/
渋谷区,神南一丁目,-,東京都渋谷区神南1-9-11 インタービルⅡB1F,35.664966,139.701538,Bar SUBTERRANEANS[Techno Live Others ],バー,Techno ･ Live ･ Others,03-6416-3967,20:00-05:00,月,30人,3500円,https://www.facebook.com/barsubterraneans/
渋谷区,渋谷一丁目,-,東京都渋谷区渋谷1-5-6 ラ･コリーナ渋谷B1F,35.661034,139.706068,INC COCKTAILS[Jazz Soul Blues ],バー,Jazz ･ Blues ･ Soul ･ etc.,03-6805-1774,19:00-03:00,無し,-,"ドリンク: 1,200円前後",http://www.bar-inc.co.jp/
渋谷区,宇田川町,-,東京都渋谷区宇田川町32-12 アソルティ渋谷B1F,35.661112,139.697411,TAKE OFF 7[Live POPs Rock Jazz Acoustic Folk Blues ],ライブハウス,POPs ･ Rock ･ Jazz ･ Acoustic ･ Folk ･ Blues ･ Live,03-3770-7755,※開始時間は公演により変動貸切 昼10:00-15:00 / 夜15:00-22:00,-,200人,-,http://www.kox-radio.jp/takeoff7/
渋谷区,道玄坂一丁目,-,東京都渋谷区道玄坂1-18-3 プレミア道玄坂ビルB1F,35.657394,139.696983,SHIBUYA REX[POPs Rock HeavyMetal ],ライブハウス,V-ROCK ･ HeavyMetal ･ POPs,03-5728-4911,※公演ごとに変動,-,300名未満,-,http://ruido.org/rex/
渋谷区,道玄坂二丁目,-,東京都渋谷区道玄坂2-13-5 ハーベストビルB1F,35.65837,139.695698,SHIBUYA DESEO[Live Others All Genre ],ライブハウス,Live ･ Others ･ All Genre,03-5457-0303,イベント･スケジュールにより異なる,不定,ステージ: 33平米 / 客席フロア: 51平米 / ラウンジ: 36平米,-,http://www.deseo.co.jp/
渋谷区,円山町,-,東京都渋谷区円山町2-4 ドクタージーカンズビル4F-6F,35.65829,139.695293,ATOM TOKYO[HipHop House Trance Allmix POPs R&B Electro ],CLUB ･ イベントスペース,Allmix ･ Electro ･ R&B ･ HipHop ･ House ･ Trance ･ J-POP,03-3464-0703,22:00-04:30 ※イベントにより変動,無休,1000名以上,"MEN : 3,500円～ / WOMEN : 1,500円～",http://atom-tokyo.com/
渋谷区,宇田川町,-,東京都渋谷区宇田川町11-1 柳光ビル別館1F,35.662631,139.697327,Rhythm Cafe[Techno Others POPs Soul 80s Latin ],バー,Soul ･ POPs ･ Others ･ 80s ･ Latin ･ Techno,03-3770-0244,18:00-02:00,"第1,3火曜",40人前後,3000円,-
渋谷区,道玄坂二丁目,-,東京都渋谷区道玄坂2-17-2 トップ美奄B1F,35.658644,139.696592,THE WU[HipHop House Allmix POPs R&B BassMusic ],バー,Allmix ･ House ･ HipHop ･ POPs ･ Bass ･ R&B ･ Trap ･ A-POP ･ etc.,050-1037-1978,23:00-05:00,(火 ･ 水 ※祝前日を除く),20名未満 (18席),"2,000円～",http://thewu.tokyo/
渋谷区,渋谷一丁目,-,東京都渋谷区渋谷1-11-1 COI西青山bldg.B1F,35.661006,139.704523,THE GUINGUETTE by MOJA[HipHop Live Others POPs Electronic Jazz ],バル,Live ･ Others ･ POPs ･ Electronic ･ Jazz ･ HipHop ･ etc.,03-6418-8984,17:00-02:00 / 週末 17:00-03:00 ※変動する場合あり,不定,100人,4000円,https://www.cafecompany.co.jp/brands/moja/guinguette_shibuya/
渋谷区,神南一丁目,-,東京都渋谷区神南1-18-2 神南坂フレームB2/B3,35.662666,139.700059,Club Camelot[HipHop House Allmix R&B EDM ],クラブ,House ･ R&B ･ EDM ･ Allmix ･ HipHop,03-5728-5613,金･土･日･祝前: 21:00-04:30月-木: 22:00-04:30※イベントにより変動※最新の情報とは異なる場合があります。必ず事前にご確認下さい。,無休,地下3階 800名地下2階 計400名以上地下1階 150名,"3,500円",http://www.clubcamelot.jp/
渋谷区,宇田川町,-,東京都渋谷区宇田川町30-5 JOWビルB1F,35.66093,139.698002,Club Malcolm[Live POPs All Genre A-POP ],DJ＆ライブスペース,All Genre ･ POPs ･ Live ･ A-POP,03-6455-0225,※イベントにより変わる(箱貸: 09:00-15:00 / 15:00-23:00 / 深夜 23:00-05:30)バー / 19:00-02:00 ※要確認,不定休,130人,3000円～,https://club-malcolm.com/
渋谷区,宇田川町,-,東京都渋谷区宇田川町33-10 J+Rビル Jside 3F,35.66098,139.696668,MILLIBAR[Reggae POPs Rock Soul ],ミュージックバー,Reggae ･ Soul ･ Rock ･ POPs ･ etc.,03-5458-0989,月-木･土 18:00-02:00金 18:00-04:00,日 ･ 祝,18人前後,-,-
渋谷区,道玄坂二丁目,-,東京都渋谷区道玄坂2-14-8 (O-EASTと同じ建物)5F,35.658809,139.695661,TSUTAYA O-Crest[All Genre ],ライブハウス,All Genre,03-3770-1095,18:00前後から ※スケジュールにより変動,不定,200～250名,"2,500円～",https://shibuya-o.com/crest/
渋谷区,円山町,-,"東京都渋谷区円山町2-4 Dr.ジーカンズ2,3F",35.65828,139.695307,HARLEM[HipHop Reggae R&B ],CLUB,HipHop ･ Reggae ･ R&B,03-3461-8806,22:00～ ※イベントにより変動する,不定休,1000人,"3,800円",http://www.harlem.co.jp/
渋谷区,神宮前五丁目,-,東京都渋谷区神宮前5-31 TRUNK HOTEL内1F,35.664308,139.703967,TRUNK (LOUNGE)[HipHop House Chill out Live R&B Disco Acoustic ],バー＆カフェ (ホテル),HipHop ･ House ･ Chill out ･ Live ･ R&B ･ Disco ･ Acoustic,03-5766-3210 (※ホテル),09:00-23:00 / 金･土 09:00-24:00,無し,80席,"1,000円 (ノーチャージ)",https://trunk-hotel.com/lounge/
渋谷区,道玄坂二丁目,-,東京都渋谷区道玄坂2-14-8 O-EASTビル1F,35.658541,139.695539,duo MUSIC EXCHANGE[Live POPs Rock Jazz ],ライブハウス,Jazz ･ Rock ･ POPs ･ Live ･ etc.,03-5459-8716,スケジュールにより異なる,不定,1000人前後,"3,500円",http://www.duomusicexchange.com/
渋谷区,道玄坂二丁目,-,東京都渋谷区道玄坂2-19-3 ライオンズマンション道玄坂1F,35.659061,139.696336,Good Wood Terrace[HipHop Reggae R&B ],カリブ料理屋,Reggae ･ HipHop ･ R&B ･ etc.,03-5728-7418,17:00-03:00 / ランチ 12:00-15:00,年始,15～20席,"昼 1,000円 / 夜 2,000円～",http://www.goodwoodterrace.net/
渋谷区,宇田川町,-,東京都渋谷区宇田川町4-7 トーセン宇田川ビル6F /7F,35.662389,139.697912,R Lounge[HipHop House Techno Allmix Reggae R&B Electronic EDM TOP40 ],クラブ,House ･ Techno ･ Electronic ･ EDM ･ Allmix ･ Reggae ･ R&B ･ HipHop ･ TOP40,03-5459-7988,※イベントにより異なる,不定,-,"3,000円",http://rlounge.jp/
渋谷区,道玄坂一丁目,-,東京都渋谷区道玄坂1-16-8 常磐ビル2F,35.656536,139.697546,Boogie Back[HipHop Reggae Jazz Soul Funk ],バー,HipHop ･ Jazz ･ Reggae ･ Soul ･ Funk ･ etc.,03-6427-0464,(20:00 又は 19:00から),(日 ※要確認),目算20名前後,"1,500円～",https://www.facebook.com/musicbarboogieback/
渋谷区,道玄坂二丁目,-,東京都渋谷区道玄坂2-19-11 中村ビル1F-2F,35.659481,139.696025,Mikkeller Tokyo[Others ],ビアバー,Others,03-6427-0793,平日 15:00-24:30金 15:00-25:30土 12:00-25:30日 12:00-24:30,無休,1階:30名程(スタンディング含め) ※目算,"3,000円ビア1杯: ハーフサイズ550円～ / パイント1,000円前後～",http://mikkeller.jp/
渋谷区,渋谷三丁目,-,東京都渋谷区渋谷3-15-2 MTエステートビル4F,35.655916,139.705533,POINT･66[Allmix ],サウンドバー,Allmix,03-3498-6113,19:00-05:00,日 ･ 祝,40人,3000円,https://twitter.com/point_66
渋谷区,円山町,-,東京都渋谷区円山町2-3 6F-5F,35.658555,139.695231,TSUTAYA O-nest[All Genre ],ライブハウス,All Genre,03-3462-4420,※スケジュールによる,不定,250名,"2,500円～",https://shibuya-o.com/nest/
渋谷区,宇田川町,-,東京都渋谷区宇田川町3-10 いちごフィエスタ渋谷4F,35.662464,139.698741,gee-ge.[POPs Rock Acoustic Folk ],ライブバー,Acoustic ･ POPs ･ Folk ･ Rock,03-6416-3468,18:00～ ※ライブは日ごと変動バー 23:00-05:00,不定休,～100人,4000円,-
渋谷区,道玄坂二丁目,-,東京都渋谷区道玄坂2-14-8 2F-4F,35.658793,139.69551,TSUTAYA O-EAST[Live Others All Genre ],ライブハウス,Live ･ All Genre ･ Others,03-5458-4681,イベント･スケジュールにより異なる,不定,1300人,公演により変動,http://shibuya-o.com/
渋谷区,宇田川町,-,東京都渋谷区宇田川町3-7 ヒューリック渋谷公園通りビル1F,35.662535,139.698978,koe space[HipHop House Techno Live Disco Soul Funk Electro ],イベントスペース,Techno ･ House ･ HipHop ･ Electro ･ Funk ･ Disco ･ Soul ･ Live,Closed,※催し物による (DJイベントの場合 20:00-24:00 が多い),無し,-,2000円,http://hotelkoe.com/music/
渋谷区,道玄坂二丁目,-,東京都渋谷区道玄坂2-23-12 フォンティスビルB1F,35.660122,139.696007,DAIA[Others ],パーティースペース,Others,03-5489-3750,イベントによる,不定,200名 (立),-,https://daia.tokyo/
渋谷区,宇田川町,-,東京都渋谷区宇田川町15-1 渋谷PARCO内 B1F,35.66203,139.698953,QUATTRO LABO[R&B Rock Jazz Soul 70s 80s World ],カフェバー,Jazz ･ Soul ･ AOR ･ 70s ･ 80s ･ World ･ R&B ･ Rock ･ etc.,03-6455-3001,月-土・祝前: カフェ11:00-17:00 / バー18:00-26:00日曜・祝日: 23:30まで,無し・パルコの営業日に準ずる,33席,"1,000円～",https://quattrolabo.com/
渋谷区,宇田川町,-,東京都渋谷区宇田川町13-17 ライズビル2F / 4F,35.661583,139.69864,WWW X[Techno Live POPs Rock Electro Folk ],ライブハウス,Live ･ POPs ･ Techno ･ Electro ･ Rock ･ Folk ･ etc.,03-5458-7688,※公演による,-,約600人,-,http://www-shibuya.jp/
渋谷区,円山町,-,東京都渋谷区円山町2-3 2F,35.658451,139.695307,TSUTAYA O-WEST[Live Others POPs Rock Jazz ],ライブハウス,Others ･ POPs ･ Rock ･ Jazz ･ Live,03-5784-7088,※スケジュールにより異なる,無休,600人,-,http://shibuya-o.com/
渋谷区,円山町,-,東京都渋谷区円山町1-3 猪鼻ビルB1F,35.659611,139.695421,nob[Live Others ],バー ･ 貸切,Live ･ Others,03-3464-9593,18:00～※イベント時は要確認,祝日,約50人,"3,000円",https://shibuya-nob.com/
渋谷区,宇田川町,-,東京都渋谷区宇田川町11-11 柳光ビル本館3F,35.662574,139.697254,喫茶SMiLE[House Allmix Live Others Jazz ],カフェバー,Live ･ Allmix ･ House ･ Jazz ･ Others,03-6416-3998,18:00-24:00 ※土日は変動する為、要確認,-,30名未満 (目算),ランチ500円～ / イベント時1500円,https://twitter.com/udagawasmile
渋谷区,道玄坂一丁目,-,東京都渋谷区道玄坂1-13-3 MST道玄坂2F,35.657504,139.698636,Shibuya GABIGABI[Others POPs Rock Acoustic Folk Blues ],ライブバー,Rock ･ Acoustic ･ Folk ･ Blues ･ POPs ･ Others,03-3463-5538,19:00-25:00,無し,20席前後,"1,500円～2,000円",http://www.gabigabi.jp/
渋谷区,神南一丁目,-,東京都渋谷区神南1-7-9 北谷マンションB1F,35.664142,139.699331,Green Lounge[Others ],パーティースペース,Others,03-6455-3308,10:00～,不定休,120人,4000円,-
渋谷区,宇田川町,-,東京都渋谷区宇田川町4-7 トウセン宇田川ビル1F,35.662441,139.697849,STAR LOUNGE[HipHop Allmix Live R&B DUBSTEP All Genre ],ライブハウス,HipHop ･ Allmix ･ Live ･ R&B ･ DUBSTEP ･ All Genre,03-6277-5373,※ライブスケジュールにより異なる,-,250人,-,http://www.starlounge.jp/
渋谷区,宇田川町,-,東京都渋谷区宇田川町10-1 パークビルB1F,35.662498,139.696951,JUMP[HipHop House Techno Reggae Rock Electro ],DJバー,HipHop ･ Reggae ･ House ･ Techno ･ Rock ･ Electro,03-6416-9203,20:00-05:00 ※イベントにより異なる,-,80人,3000円,http://www.shibuyajump.com/
渋谷区,宇田川町,-,東京都渋谷区宇田川町4-9 クレタケビル3F,35.662485,139.697645,Organ Bar[HipHop House Techno Allmix Reggae R&B Disco Old school Soul Funk ],CLUB,HipHop ･ House ･ Allmix ･ Techno ･ Reggae ･ R&B ･ Disco ･ Old school ･ Soul ･ Funk,03-5489-5460,21:00～ ※詳細はHPでご確認ください。,無休,小箱,2000円,http://www.organ-b.net/
渋谷区,道玄坂二丁目,-,東京都渋谷区道玄坂2-25-17 カスミビル4F,35.659563,139.697664,RUBY ROOM[House Techno Live Rock ],CLUB ･ バー,House ･ Techno ･ Live ･ Rock ･ etc.,03-3780-3022,20:00～ ※イベントにより異なる,不定休,100人前後,2800円,http://rubyroomtokyo.com/
渋谷区,宇田川町,-,東京都渋谷区宇田川町4-9 くれたけビル4F,35.662479,139.697758,Club BALL[HipHop House Reggae Others Jazz Disco Soul Funk ],ミュージックバー,House ･ Soul ･ Jazz ･ Funk ･ Disco ･ HipHop ･ Reggae ･ Others,03-3476-6533,スケジュールにより変動,-,-,3000円,http://www.shibuya-ball.com/
渋谷区,神宮前五丁目,-,東京都渋谷区神宮前5-27-7 B1F,35.664782,139.703455,Galaxy Gingakei[House Techno Others Disco ],ミュージックスペース ･ ギャラリー,Others,03-6427-2099,※イベント･スケジュールにより異なる,-,136m2 | 有効床面積 84m2,2000円～,http://www.thegalaxy.jp/
渋谷区,神南一丁目,-,東京都渋谷区神南1-3-4 神南ビル B1F,35.664664,139.701247,UNDER DEER LOUNGE[Live POPs Soul Funk All Genre ],ミュージックラウンジ,Live ･ POPs ･ Soul ･ Funk ･ All Genre,03-5728-2655,17:00-24:00,無休,50人～150人前後,4000円,http://www.under-dl.jp/
渋谷区,東二丁目,-,東京都渋谷区東2-20-13 シャトレー渋谷B1F,35.65338,139.70901,dining&bar KITSUNE[HipHop House Others Electronic ],ダイニングバー,House ･ HipHop ･ Electronic ･ Others,03-5766-5911,日-木･祝 18:00-24:00 / 金･土･祝前 18:00-05:00,無し (年始は休業となる),300人,3500円,http://kitsune-web.jp/
渋谷区,桜丘町,-,東京都渋谷区桜丘町16-7 鈴木ビルB1F,35.656379,139.70111,Woodstock[Live Rock ],バー,Live ･ Rock ･ etc.,03-6712-7963,19:00-03:00,日,目算80名未満 / 40席前後,"3,000円カクテル800円～ / ビール650円～",https://bar-woodstock.com/
渋谷区,神南一丁目,-,東京都渋谷区神南1-15-7 COENビルB1,35.663613,139.699312,UNDERBAR[HipHop House R&B Electronic ],CLUB,HipHop ･ House ･ R&B ･ Electronic,03-3780-0858,18:00～ ※日により変動、要確認,無休,80人,"3,000円",http://www.underbar.jp/
渋谷区,宇田川町,-,東京都渋谷区宇田川町11-1 柳光ビル別館B1F,35.662651,139.697275,ROCKAHOLIC[Rock ],ミュージックバー,Rock ･ Metal ･ Punk,03-6416-9469,19:00-05:00,無休,48席,2500円,http://bar-rockaholic.jp/
渋谷区,宇田川町,-,東京都渋谷区宇田川町4-7 トウセン宇田川町ビル3F,35.662469,139.697931,Milkyway[Live All Genre ],ライブハウス ･ バー,Live ･ All Genre,03-6416-3227,※イベント･スケジュールにより異なる,-,250人,3000円前後,http://www.shibuyamilkyway.com/
渋谷区,宇田川町,-,東京都渋谷区宇田川町4-7 トウセン宇田川町ビル2F,35.662563,139.697858,shibuya THE GAME[HipHop Reggae R&B ],Club,HipHop ･ R&B ･ Reggae,03-5456-5038,※イベントにより異なる,-,300人,3500円,http://www.shibuyathegame.com/
渋谷区,渋谷一丁目,-,東京都渋谷区渋谷1-10-2 志水ビルB1F,35.660668,139.705076,club bar FAMILY[HipHop Techno Allmix R&B BlackMusic ],CLUB,BlackMusic ･ HipHop ･ Techno ･ Allmix ･ R&B,03-3400-9182,HP参照,不定休,200人,3000円,http://club-bar-family.com/
渋谷区,桜丘町,-,東京都渋谷区桜丘町26-1 セルリアンタワー東急ホテル2F,35.656547,139.699536,JZ Brat SOUND OF TOKYO[House POPs R&B Rock Jazz Soul ],ダイニングクラブ,Jazz ･ Soul ･ House ･ POPs ･ R&B ･ Rock,03-5728-0168,17:30-23:30 (クラブイベント開催時は05:00まで営業),-,スタンディング200人 / 着席時100人,ミュージックチャージ 3150円～ / 金･土曜日深夜 クラブイベント -エントランス 1000/1drink～,http://www.jzbrat.com/
渋谷区,宇田川町,-,東京都渋谷区宇田川町13-17 ライズビル地下,35.661544,139.698721,WWW[Live All Genre ],ライブハウス,Live ･ All Genre,03-5458-7685,※イベントにより異なる,不定休,400人,3800円,http://www-shibuya.jp/
渋谷区,道玄坂一丁目,-,東京都渋谷区道玄坂1-13-2 宝ビルB1F,35.657549,139.698586,NOSTYLE[HipHop House Techno Allmix Electronic Jazz ],CLUB,Allmix ･ Techno ･ HipHop ･ House ･ Electronic ･ Jazz,03-3462-4375,※イベントにより異なる,-,100人,"3,300円",http://nostyle2003.com/
渋谷区,桜丘町,-,東京都渋谷区桜丘町17-10 吉野ビル3F,35.656246,139.701066,Bar star star[Allmix Live POPs Rock ],バー,Rock ･ Allmix ･ POPs ･ Live,03-6427-0186,19:00-03:00,無休,50人,1500円,https://www.barstarstar.com/
渋谷区,道玄坂一丁目,-,東京都渋谷区道玄坂1-15-3 プリメーラ道玄坂B1F,35.657267,139.697791,La.mama[Live POPs R&B Rock Folk ],ライブハウス,Live ･ POPs ･ Folk ･ Rock ･ R&B,03-3464-0801,-,-,スタンディング 250人,-,http://lamama.net/
渋谷区,宇田川町,-,東京都渋谷区宇田川町36-3 渋谷営和ビル5F,35.661985,139.697417,CAFE&DINNER スタジオ[House Techno Allmix R&B ],カフェ,House ･ Techno ･ Allmix ･ R&B,03-3770-7723,月-木12:00-24:00 / 金･土･祝前 12:00-05:00,無休,50人,ランチ850円 / 夜2000円前後,https://www.facebook.com/cafedinerstudio/
渋谷区,宇田川町,-,東京都渋谷区宇田川町13-16 国際ビルB館B1F,35.661511,139.698538,GARRET udagawa[Live Others POPs Rock ],ライブハウス,POPs ･ Rock ･ Live ･ Others,03-3463-0169,※スケジュールにより異なる,-,300人,-,http://www.cyclone1997.com/garret/garret_home.html
渋谷区,道玄坂二丁目,-,東京都渋谷区道玄坂2-23-13 SHIBUYA DELITOWER B1,35.660118,139.696101,EN SOF TOKYO[House Techno Others Electro Drum&Bass BassMusic ],ダイニングバー,Techno ･ House ･ Electro ･ Drum&Bass ･ BassMusic ･ Others,03-5728-5349,19:00～,無休,70人,3000円,http://en-sof.jp/
渋谷区,道玄坂二丁目,-,東京都渋谷区道玄坂2-21-7 第八矢澤ビル 1F-B1F,35.65902,139.69553,NEVERLAND[House Allmix R&B EDM TOP40 ],CLUB,ALLMIX ･ EDM ･ TOP40 ･ House ･ R&B ･ etc.,03-6416-0377,20:00～,無し,(200名～ ※目算),"2,000円～",https://neverland.love/
渋谷区,宇田川町,-,東京都渋谷区宇田川町13-16 国際ビルA館B2F,35.661424,139.698375,CYCLONE[Live Rock ],ライブハウス,Rock ･ Live,03-3463-0069,18:00～ ※スケジュールにより異なる,-,300人,3000円,http://www.cyclone1997.com/
渋谷区,渋谷三丁目,-,東京都渋谷区渋谷3-18-7 渋谷東1号館5F,35.65715,139.703816,OTO[HipHop House Techno Allmix R&B Electronic Jazz Disco Lounge ],CLUB,Disco ･ Lounge ･ Allmix ･ Techno ･ House ･ HipHop ･ Jazz ･ Electronic ･ R&B,03-3486-8477,※スケジュールにより異なる,-,-,-,http://shibuya-oto.com/
渋谷区,円山町,-,東京都渋谷区円山町1-8,35.659003,139.695322,club asia[HipHop House Trance Techno Live Reggae Electro Drum&Bass ],CLUB,House ･ HipHop ･ Trance ･ Techno ･ Drum&Bass ･ Live ･ Reggae ･ Electro,03-5458-2554,※イベントにより異なる,無し,600人,"4,000円",http://asia.iflyer.jp/venue/
渋谷区,道玄坂二丁目,-,東京都渋谷区道玄坂2-23-12 フォンティスビル3F,35.660069,139.695828,Icon[House Techno Electronic Lounge ],ラウンジ ･ イベントスペース,Techno ･ House ･ Electronic ･ Lounge,03-6277-5987,ランチ(月?金) 11:30-15:30 / 貸切パーティー 24時間対応可能 / ※イベント時は異なる,-,180人,ランチ1000円 / パーティー 3000円～,http://www.icon.cx/
渋谷区,円山町,-,東京都渋谷区円山町2-20 農場協会ビル1F,35.65878,139.694892,White Space Lab[Others ],カフェ＆バー,Others,03-6416-3973,19:00-24:00※最新の情報とは異なる場合がございます。必ず事前にご確認下さい。,日 ･ 月,50名,"2,000円前後",https://www.white-space-lab.com/
渋谷区,神南一丁目,-,東京都渋谷区神南1-13-15 光立ビルB1F,35.663937,139.700106,KOARA[House Techno Allmix Disco ],DJバー,Techno ･ House ･ Allmix ･ Disco,03-6423-0644,月-木21:00-05:00金･土21:00-06:00日17:00-23:00※最新の情報とは異なる場合があります。必ず事前にご確認下さい。,-,40人前後,3000円,http://www.koara-tokyo.com/
渋谷区,渋谷一丁目,-,東京都渋谷区渋谷1-10-7 グローリア宮益坂III B1F,35.66043,139.704948,Shibuya HOME[Live All Genre ],ライブハウス,All Genre ･ Live,03-5774-5822,※スケジュールにより異なる,-,120人,-,http://www.toos.co.jp/home/
渋谷区,道玄坂一丁目,-,東京都渋谷区道玄坂1-17-6 プロスペクトB1F,35.656804,139.696987,GUILTY[Live POPs R&B Rock All Genre ],ライブハウス,Live ･ POPs ･ R&B ･ Rock ･ All Genre,03-3770-1130,-,-,250人,-,http://www.guilty.ne.jp/
渋谷区,宇田川町,-,東京都渋谷区宇田川町4-7 トウセン宇田川ビル B1F,35.662507,139.697836,CHELSEA HOTEL[Techno Allmix Live DUBSTEP ],ライブハウス ･ クラブ,Techno ･ DUBSTEP ･ Live ･ Allmix ･ Others,03-3770-1567,※イベントスケジュールにより異なる,-,300人,-,http://www.chelseahotel.jp/
渋谷区,宇田川町,-,東京都渋谷区宇田川町32-13-4 クアトロビル5F,35.660979,139.69757,CLUB QUATTRO[Live Others POPs Rock ],ライブハウス,Live ･ Others ･ POPs ･ Rock,03-3477-8750,※スケジュールにより異なる,-,800人,3000円前後,http://www.club-quattro.com/
渋谷区,神南一丁目,-,東京都渋谷区神南1-15-8 引き出しのような家にB1F,35.663666,139.699343,nagomix[Others ],イベントスペース,Others,03-6809-0833,スケージュールによるDJブース開放日あり (17:00-22:00)貸切可能時間 10:00-23:00,-,200人,-,http://nagomix.co.jp/
渋谷区,渋谷一丁目,-,東京都渋谷区渋谷1-10-7 グローリア宮益坂III B1F,35.660461,139.705049,LUSH[Live Others All Genre ],CLUB ･ ライブハウス,Live ･ All Genre ･ Others,03-5467-3071,クラブタイム 23:00-05:00,-,100人,2000円 1ドリンク～,http://www.toos.co.jp/lush/
渋谷区,桜丘町,-,東京都渋谷区桜丘町15-19 第8東都ビルB1F,35.656468,139.701619,THE ROOM[House Jazz Disco Crossover ],CLUB,House ･ Crossover ･ Disco ･ Jazz ･ etc.,03-3461-7167,スケジュールにより異なる,-,100人,3000円～,http://www.theroom.jp
渋谷区,道玄坂一丁目,-,東京都渋谷区道玄坂1-17-12 野々ビル2F,35.657207,139.69695,Edge End[Live Rock Lounge ],DJBAR,Lounge ･ Live ･ Rock,03-5458-6385,20:00～ ※スケジュールにより変動,不定休,-,3000円,http://www.edgeend.com/
渋谷区,宇田川町,-,東京都渋谷区宇田川町11-6 渋谷宇田川KKビル3F,35.66233,139.697452,ROOTS[HipHop House Trance Techno Allmix Reggae ],DJバー,Reggae ･ House ･ Trance ･ Allmix ･ HipHop ･ Techno,03-6273-2345,19:00-05:00 ※日により変わる,不定,50人～70人,3000円,http://www.roots1998.com/
渋谷区,神宮前六丁目,-,東京都渋谷区神宮前6-18-8 ニュー関口ビルB1F,35.664346,139.702588,CROCODILE[Live Others ],ライブハウス,Live ･ Others,03-3499-5205,18:00-25:00,-,100名,3500円,http://www.crocodile-live.jp/
渋谷区,渋谷三丁目,-,東京都渋谷区渋谷3-1-9 渋谷第3KKビルB1F,35.657656,139.707899,Violetta[Others Electro ],バー,Others ･ Electro,03-6427-5041,17:00-24:00 ※変動あり,不定休,立40人,"(3,500円)",-
渋谷区,宇田川町,-,東京都渋谷区宇田川町10-2 渋谷宇田川町テナント1F,35.662652,139.69707,FLAMINGO[Others ],カフェ ･ バー,Others,03-6416-5513,月-土 11:30-05:00ランチ 11:30-15:00 / アイドル 15:00-18:00 / ディナー 18:00-23:00 / 深夜 23:00～日 11:30-24:00,無し,60名 (席 30程),"1,000円～2,500円",https://www.udagawacafe.com/cafe-flamingo/
渋谷区,円山町,-,東京都渋谷区円山町2-3 O-WESTビル7F,35.658586,139.695345,7th FLOOR[Live Others POPs Rock ],ライブハウス ･ バー,Live ･ Others ･ POPs ･ Rock,03-3462-4466,ライブ ※スケジュールにより異なる (ランチライブ営業もあり) バータイム 23:00-05:00 (ライブ終了後),-,100人,-,http://7th-floor.net/
渋谷区,神南一丁目,-,東京都渋谷区神南1-12-14 星ビル301,35.66293,139.700488,TRUMPROOM[House Techno Electronic DUBSTEP ],CLUB,House ･ Techno ･ Electronic ･ DUBSTEP,03-3770-2325,-,無休,300人 / 2フロア 約70坪,4000円,-
渋谷区,神南一丁目,-,東京都渋谷区神南1-6-8 B1F,35.664398,139.699112,eggman[Live All Genre ],ライブハウス,Live ･ All Genre,03-3496-1561,※イベントにより異なる,-,350人,"4,000円",http://eggman.jp/
渋谷区,東一丁目,-,東京都渋谷区東1-25-2 マルハシビルB1F,35.654609,139.708495,CLUB CRAWL[Live Others Rock Acoustic ],ライブハウス ･ CLUB,Rock ･ Acoustic ･ Live ･ Others,03-3498-3113,All Night event 23:30～ ※イベントにより異なる,-,200人,イベント時 DOOR / 2000円～3000円 1ドリンク,http://bighitcompany.com/crawl/
渋谷区,宇田川町,-,東京都渋谷区宇田川町20-15 ヒューマックスパビリオン渋谷公園通りB1F,35.661234,139.700105,GRANDE[Others All Genre ],ラグジュアリーレストラン,Others,0120-926-428,12:00-06:00,無休,250人,4000円,http://www.pasela-shibuya.com/grande/
渋谷区,宇田川町,-,東京都渋谷区宇田川町10-1 パークビル2F,35.66245,139.696952,虎子食堂[Allmix All Genre ],レストラン ･ バー,Allmix ･ All Genre,03-6416-1197,月-土･祝日前 18:00-04:00 / 日･祝 18:00-01:00※イベント時のは、各イベントにより異なる。,無休,70人,2800円,http://toranoko-shokudo.com/
渋谷区,桜丘町,-,東京都渋谷区桜丘町16-12 MUSIC LAND KEY B1F,35.656793,139.701089,RUIDO K2[Live Others POPs Rock Jazz All Genre ],ライブハウス ･ CLUB,Live ･ Others ･ POPs ･ Rock ･ Jazz ･ All Genre,Closed,※スケジュールにより異なる,-,200人,-,http://www.ruido.org/k2/
渋谷区,猿楽町,-,東京都渋谷区猿楽町3-9 アベニューサイド代官山3F,35.652056,139.704292,NOMAD[Live Others ],ライブハウス,Live ･ Others,03-3770-3723,ライブ開始は変動(公演可能時間: 10:00-15:00 / 15:30-22:00),不定,80人,-,http://www.daikanyama-nomad.com/
渋谷区,渋谷一丁目,-,東京都渋谷区渋谷1-6-3,35.660831,139.705767,COZMO’S[Live Others All Genre ],カフェ ･ バー ･ イベントスペース,Others ･ Live ･ All Genre,03-3407-5166,18:00～,日,40名前後 ※目算,1000円～2000円,http://cozmos.spikebarjoint.com/
渋谷区,円山町,-,東京都渋谷区円山町2-4 Dr.ジーカンズ1F,35.65827,139.695431,A BAR[HipHop Allmix R&B EDM ],CLUB,Allmix ･ EDM ･ HipHop ･ R&B,-,ATOMの営業に準ずる,-,-,-,-
渋谷区,道玄坂二丁目,-,東京都渋谷区道玄坂2-22-6,35.659701,139.695546,しぶや花魁[Allmix ],DJバー ･ レストラン,Allmix,03-5456-8782,18:00-05:00 / 18:00-24:00,不定休,席数 : 1F 20人 / 2F 25人,3000円,http://oiran.asia/
渋谷区,神南一丁目,-,東京都渋谷区神南1-9-11 インタービルⅡ 5F,35.664933,139.701557,Cafe Apres-midi[House Live Others Disco Soul ],バー ･ カフェ,Soul ･ Disco ･ House ･ Live ･ Others,03-5428-5121,金 19:00-25:00土 11:30-23:30日 11:30-19:00,月-木,25席,2000円,http://apres-midi.biz/
渋谷区,道玄坂二丁目,-,東京都渋谷区道玄坂2-29-5 渋谷プライム5F,35.659452,139.698413,eplus LIVING ROOM CAFE&DINING[Live Others POPs Jazz Acoustic Folk Blues ],ライブカフェバー,Live ･ Acoustic ･ Jazz ･ POPs ･ Folk ･ Blues ･ Others,03-6452-5424,11:30-23:30 (L.O 23:00)日･祝 11:30-22:00 (L.O 21:00),不定休,300席,ランチ1000円～ / 夜4000円～ミュージックチャージ 500円,https://livingroomcafe.jp/
渋谷区,神宮前六丁目,-,東京都渋谷区神宮前6-20-10 ミヤシタパーク北街区 1F-3F,35.663229,139.701866,or[Others ],カフェ ･ クラブ,Others,03-6712-5277,※当面の間 08:00～23:003階のクラブは17:00～※コロナウイルス情勢により変更の可能性あり1階: 08:00-05:002階: 13:00-05:003階: 20:00-05:00,商業施設ミヤシタパークの営業に準ずる,1階: 100名 / 22席 (151平米)2階: 100名 / 22席 (149平米)3階: 300名 / 54席 (279平米)合計: 500名 / 98席※人数はフロアごとの最大入場可能者数,"4,000円～",-
渋谷区,円山町,-,東京都渋谷区円山町2-16 1F,35.658474,139.695165,WOMB LOUNGE[House Techno Electronic Bass ],ラウンジ ･ イベントスペース,Techno ･ House ･ Electronic ･ Bass ･ etc.,03-5459-1383,22:00～ ※イベントにより異なる,不定休,-,3500円,http://www.womb.co.jp/lounge/
渋谷区,渋谷一丁目,-,東京都渋谷区渋谷1-27-1 高架下1F,35.659606,139.701161,Cafe & Bar SCRAMBLE[Allmix ],カフェ ･ バー,Allmix,03-5468-1200,09:00-02:00 / 金･土･祝前 09:00-05:00,無休,立 120名 (70席前後),1500円,-
渋谷区,道玄坂二丁目,-,東京都渋谷区道玄坂2-29-12 吉田ビルB1F,35.659568,139.697832,Yellow Blank Market[House Techno Bass Electro ],DJバー,BassMusic ･ Electro ･ Techno ･ House ･ etc.,不明,金･土 21:00-09:00 / 日 18:00-24:00※変更の可能性あり、要確認,-,-,"2,000円～",-
渋谷区,宇田川町,-,東京都渋谷区宇田川町4-3 ホテルユニゾ渋谷B1F,35.662489,139.69842,NOS ORG[Others ],ダイニングバー,Others,Closed,18:00-02:00 / 日･祝 17:00-23:00,不定休,立 200人 (100席以上),3000円,-
渋谷区,宇田川町,-,東京都渋谷区宇田川町21-7 不二ビルB1F,35.659942,139.700118,GASPANIC Center-Gai[Allmix ],DJバー,Allmix,Closed,18:00-05:00,無休,-,"2,500円",-
渋谷区,円山町,-,東京都渋谷区円山町5-3 荻原ビルB1F,35.656912,139.695579,Dimension[Others All Genre Electro ],イベントスペース,Electro ･ All Genre ･ Others,Closed,※イベントによる,-,-,2500円,https://www.facebook.com/DimensionTokyo
渋谷区,宇田川町,-,東京都渋谷区宇田川町10-1 パークビル 3F,35.662509,139.697012,Rock no Cocoro[Rock 70s 80s ],ミュージックバー,Rock ･ 70s ･ 80s ･ Punk ･ Metal,Closed,19:00～,不定休,-,2500円,https://twitter.com/rocknococoro
渋谷区,道玄坂二丁目,-,東京都渋谷区道玄坂2-21-7 第八矢澤ビル5F/6F,35.659027,139.695523,LOUNGE NEO[HipHop House Techno Allmix Reggae R&B Rock Electro Drum&Bass ],CLUB,HipHop ･ House ･ Techno ･ Allmix ･ Reggae ･ R&B ･ Rock ･ Electro ･ Drum&Bass,Closed,※イベントにより異なる,不定休,260人,"4,000円",http://loungeneo.com/venue/home
渋谷区,道玄坂二丁目,-,東京都渋谷区道玄坂2-21-7 第八矢澤ビル1F/B1F,35.659027,139.695523,VUENOS[Allmix Live Others Rock ],ライブハウス,Live ･ Rock ･ Allmix ･ Others,Closed,※ライブスケジュールにより異なる,不定休,地下1階メインフロア200人 / 1階ラウンジ50人,"4,000円",http://vuenos.com/venue/home
渋谷区,渋谷三丁目,-,東京都渋谷区渋谷3-1-9 第3KKビルB1F,35.657677,139.707868,Test Flight[POPs Classics Soul 90s Lounge Acoustic ],バー兼カフェ,Acoustic ･ POPs ･ Classics ･ Soul ･ 90s ･ Lounge ･ etc.,Closed,12:00-24:00 ※変動の可能性あり、要事前確認,不定,20席前後 ※目算,"昼 1,000円 / 夜 2,000円～",-
渋谷区,神南一丁目,-,東京都渋谷区神南1-23-13 丸大ビルB1F,35.66012,139.70106,PLUG IN STUDIO[Rock Acoustic ],ライブハウス ･ イベントスペース,Acoustic ･ Rock ･ etc.,03-5428-9188,09:00-23:00,-,100名 / 着席60名,"2,500円～",https://shibuya-plug.tv/
渋谷区,道玄坂二丁目,-,東京都渋谷区道玄坂2-21-7 第8矢澤ビル2F/3F,35.659027,139.695523,Glad[HipHop Live R&B Rock ],Club,Live ･ Rock ･ HipHop ･ R&B,Closed,※イベントにより異なる,不定,200～250人,"3,500円",http://shibuya-glad.com/venue/home
渋谷区,代官山町,-,東京都渋谷区代官山町11-12 日進ヒルズ代官山B1F,35.65094,139.703647,Debris[House Techno Others Disco ],ミュージックバー,Techno ･ House ･ Disco ･ Others,03-6416-4334,19:00-24:00 / 日 18:00-23:00,月,40名未満 (目算),"2,000円～(イベントによりミュージックチャージ又はエントランス料金が発生)粥 850円～ / 薬膳茶 600円",-
渋谷区,恵比寿南三丁目,-,東京都渋谷区恵比寿南3-1-25 ICE CUBE1F/2F,35.646061,139.706325,Batica[House Techno Allmix Live Rock Jazz Bass ],ライブハウス ･ CLUB,Live ･ Techno ･ Allmix ･ House ･ Bass ･ Jazz ･ Rock,03-5734-1995,※イベントにより異なる,不定休,150人,"4,000円未満",http://www.batica.jp/
渋谷区,恵比寿西一丁目,-,東京都渋谷区恵比寿西1-8-2 ウエストパレス205,35.6478,139.708107,INDUSTRIAL LOUNGE[Others ],ラウンジ,Others,03-3461-1989,19:00-04:00,-,150人,5000円,-
渋谷区,猿楽町,-,東京都渋谷区猿楽町2-11 B1-B2F,35.653372,139.70459,SPACE ODD[Live POPs All Genre ],イベント会場,All Genre ･ POPs ･ Live,03-6452-5671,公演ごとに変動,不定,B1階: 50人 / B2階: 300人,チケット代金+1ドリンク～,http://www.spaceodd.jp/
渋谷区,恵比寿西一丁目,-,東京都渋谷区恵比寿西1-13-3 ROOB6ビル4F,35.647661,139.708004,What the Dickens[POPs Rock Jazz Oldies Folk Blues ChillOut IndieRock ],ライブバー,Rock ･ POPs ･ Blues ･ Folk ･ Oldies ･ Jazz ･ IndieRock ･ ChillOut ･ Metal,03-3780-2099,17:00～,月,180名,"3,500円",http://www.whatthedickens.jp/
渋谷区,恵比寿西一丁目,-,東京都渋谷区恵比寿西1-34-17 ザ･ハウスビルB1F,35.647117,139.702354,B1FLAT[Others All Genre ],イベントスペース,Others ･ All Genre,03-5459-8631,11:30-24:00 ※要確認,不定,200名,-,https://twitter.com/b1flat_tokyo
渋谷区,恵比寿南三丁目,-,東京都渋谷区恵比寿南3-1-2 サウスビル4F,35.645822,139.706845,Cafe&Dining nurikabe[Others ],ダイニングバー,Others,03-6451-2022,12:00-15:00 / 17:00-24:00イベント時22:00～,無休,40人,3000円,-
渋谷区,東二丁目,-,東京都渋谷区東2-24-4 荒井ビル2F,35.651707,139.708816,Suree[HipHop House Techno Jazz Disco Soul ],バー,House ･ Techno ･ Jazz ･ Disco ･ Soul ･ HipHop ･ etc.,03-3400-1383,平日･日･祝 20:00-02:00 / 金･土 20:00-05:00ランチ 11:30-15:00,-,40人,3000円チャージ500円 / ドリンク700円から,http://suree-ebisu.tokyo/
渋谷区,恵比寿南二丁目,-,東京都渋谷区恵比寿南2-3-14 CONZE EBISU B1F,35.645509,139.707435,NOS EBISU[Techno Allmix Live R&B ],ダイニングバー,Allmix ･ Live ･ Techno ･ R&B,03-5773-1727,月-木18:00-02:00 / 金･土18:00-05:00 / 日･祝17:00-23:00,無休,スタンディング 180人,3500円,http://nosebisu.com/
渋谷区,恵比寿西一丁目,-,東京都渋谷区恵比寿西1-34-17 ZAHOUSEビル B3F,35.646937,139.702486,SALOON[House Techno Allmix Live Others DUBSTEP All Genre Drum&Bass ],ナイトクラブ,Allmix ･ House ･ Techno ･ Drum&Bass ･ All Genre ･ DUBSTEP ･ Others ･ Live,03-5459-8633,※イベントにより異なる,不定休,総面積: およそ200平米,"5,000円",http://saloon-tokyo.com/
渋谷区,恵比寿西二丁目,-,東京都渋谷区恵比寿西2-9-9 代官山テクノビル2Ｆ,35.649156,139.707255,enjoy!house[HipHop House Techno Allmix Others Jazz Disco Soul TechHouse ],バー,House ･ HipHop ･ Techno ･ Allmix ･ Others ･ Jazz ･ Disco ･ Soul ･ TechHouse,03-5489-1591,火-木18:00-02:00 / 金18:00-05:00 / 土15:00-05:00 / 日15:00-02:00,月,-,-,http://enjoyhouse.jugem.jp/
渋谷区,東三丁目,-,東京都渋谷区東3-16-6,35.649088,139.710643,LIQUIDROOM[Live All Genre ],ライブハウス,Live ･ All Genre,03-5464-0800,ライブにより異なる,-,900人,5000円,http://www.liquidroom.net/
渋谷区,恵比寿西一丁目,-,東京都渋谷区恵比寿西1-34-17 ZaHOUSEビル,35.647112,139.702432,UNIT[House Techno Allmix Live Others Electronic ],CLUB ･ ライブハウス,Live ･ House ･ Techno ･ Allmix ･ Electronic ･ Others,03-5459-8630,※ライブ ･ イベントにより異なる,不定,600人,"3,500円",https://www.unit-tokyo.com/
渋谷区,東三丁目,-,東京都渋谷区東3-16-6 LIQUIDROOM 2F,35.649196,139.710719,KATA[Allmix Others ],ギャラリー ･ イベントスペース,Allmix ･ Others,-,※イベント･スケジュールにより異なる,-,100～150人,2000円前後,http://www.kata-gallery.net/
渋谷区,代官山町,-,東京都渋谷区代官山町20-20 モンシェリー代官山B2F,35.648125,139.70223,晴れたら空に豆まいて[Others POPs All Genre Acoustic ],イベントスペース,POPs ･ Acoustic ･ All Genre ･ Others,03-5456-8880,18:00～ ※公演ごとに開催時間は変動(貸切: 日中10:00-15:00 / 夜15:00-22:00),無休,200名 (座: 130席),5000円前後,http://mameromantic.com/
渋谷区,恵比寿南二丁目,-,東京都渋谷区恵比寿南2-3-3 B1F,35.645333,139.708019,LIFE IS BEAUTIFUL[Others ],バー,Others,03-6303-2353,21:00～,無休,-,-,-
渋谷区,広尾一丁目,-,東京都渋谷区広尾1-11-2 アイオス広尾ビル1F,35.64824,139.71534,IGAO[Live Others R&B ],バー,R&B ･ Live ･ Others,03-5793-3778,19:00-02:00ランチ: 平日 11:30-15:00,日,30人,"2,000円～",https://www.igao.fun/
渋谷区,恵比寿四丁目,-,東京都渋谷区恵比寿4-22-7 イーストスクエアビルB1F,35.645052,139.714685,club aim[Live Others POPs Rock ],ライブハウス,Live ･ Rock ･ POPs ･ Others,03-5422-6657,※スタートは日程により変動貸切 12:00-23:00,-,150人,-,http://www.clubaim.com/
渋谷区,東三丁目,-,東京都渋谷区東3-14-19 オークヒルズ B1F,35.651351,139.709482,自由空間 CreAto[Others ],ライブホール,Others,03-6427-5273,ALL TIME,不定休,300人,-,http://www.creato.bz/
渋谷区,東三丁目,-,東京都渋谷区東3-16-6 リキッドルーム2F,35.649097,139.710841,TimeOut Caf・& Diner[Live Others Lounge ],ラウンジ ･ カフェ,Live ･ Lounge ･ Others,03-5774-0440,11:30-23:30 / 土13:00-23:30 / 日･祝13:00-22:00,無休,100人,"1,500円",https://www.timeoutcafe.jp/
港区,六本木五丁目,六本木,東京都港区六本木5-1-7 六本木ストリートビル 1F-2F,35.66255,139.733237,MEZZO TOKYO[House Allmix EDM ],ラウンジ ･ バー,House ･ EDM ･ Allmix ･ etc.,03-6438-9711,平日 19:00-01:00 / 金･土･祝前 19:00-03:00,日 ･ 祝,100人 (1階60 ･ 2階40),"2,000円～",http://mezzo.tokyo/
港区,六本木七丁目,六本木,東京都港区六本木7-13-7 1F-B1F,35.664024,139.730478,V2 TOKYO[HipHop House Allmix Live R&B EDM Electro ],CLUB,Allmix ･ House ･ HipHop ･ Live ･ Electro ･ EDM ･ R&B,03-5474-0091,21:00-05:00,無休,450名,"4,500円",https://www.v2tokyo.com/
港区,六本木五丁目,六本木,東京都港区六本木5-1-6 六本木B&Vビル2F・3F,35.662627,139.733112,ESPRIT TOKYO[HipHop Allmix R&B EDM ],DJラウンジ ･ CLUB,EDM ･ Allmix ･ R&B ･ HipHop,03-3470-1371,22:00-05:00※イベント等によりが変更となる可能性があります。必ず事前にご確認下さい。,無休,500人,"MEN: 2,500円～ / WOMEN: 1,000円～",http://esprit-tokyo.net/
港区,六本木七丁目,六本木,東京都港区六本木7-8-6 AXALL ROPPONGI B1F,35.664877,139.729778,SEL OCTAGON TOKYO[House EDM Electro K-EDM ],クラブ,EDM ･ K-EDM ･ Electro ･ House ･ etc.,03-3405-0088,木･金･土 22:30-05:00,不定 (祝前日でない日曜日は休みとなる場合が多い),700名 (VIP:120席),"男性5,000円 / 女性3,000円 ※目安",https://sel-octagon-tokyo.jp/
港区,麻布台三丁目,-,東京都港区麻布台3-4-11 中央飯倉ビルB1F,35.66054,139.739033,CUBE[HipHop House Allmix Live POPs R&B Dance Disco Electro ],CLUB ･ DISCO,Allmix ･ House ･ Disco ･ Dance ･ R&B ･ HIPHOP ･ Live ･ Electro ･ POPs,03-3589-0933,※イベントにより異なる,無休,イベント時 150～180名程,2500円,http://www.mp-cube.net/
港区,六本木三丁目,六本木,東京都港区六本木3-11-6 21泰明ビル5F,35.663066,139.733158,IBEX TOKYO[HipHop Reggae R&B Old school ],Club ･ ラウンジバー,HipHop ･ R&B ･ Reggae ･ 90s ･ Old school,03-3746-1075,22:00-05:00 / 週末 22:00-08:00 ※変動する場合あり,時間外はレンタルスペースとして利用可,100人前後,"4,000円",http://ibex-tokyo.net/
港区,六本木四丁目,六本木,東京都港区六本木4-5-2 UビルB1F,35.665002,139.732776,atomage[House R&B Rock Disco Funk Ska Electro TechHouse ],バー,Rock ･ R&B ･ TechHouse ･ House ･ Electro ･ Ska ･ Funk ･ Disco,03-3479-0055,19:00-02:00 / 週末 19:00-03:00,日,30席前後,チャージ 1000円ドリンク 700円～,http://atomage.jp/
港区,六本木三丁目,六本木,東京都港区六本木3-11-6 21泰明ビル4F,35.663029,139.733128,Motown House[Allmix 80s BlackMusic ],バー,BlackMusic ･ 80s ･ Allmix ･ etc.,03-5474-4605,18:00-05:00,無し,(面積: 約120平米),"3,500円～",https://www.motownhouse.com/
港区,六本木三丁目,六本木,東京都港区六本木3-14-8 下条ビルB1F,35.662437,139.734964,SONIDO’S BAR[HipHop Reggae R&B EDM Latin TOP40 ],バー,HipHop ･ TOP40 ･ Latin ･ EDM ･ R&B ･ Reggae,03-6447-1995,19:00-07:00,火,60名,"2,000円 (男性: エントランス料1,000円)",https://twitter.com/sonido_roppongi
港区,六本木七丁目,六本木,東京都港区六本木7-13-7 2F,35.663913,139.730631,VILLA TOKYO[Allmix EDM ],CLUB,Allmix ･ EDM ･ House ･ etc.,03-5413-8077,21:00-05:00 変動の可能性あり,-,400名程地下: 立200人+固定100席 / 約400平米ラウンジ(1階): 80平米,エントランスフィーの目安男性 3500円 / 女性 無料 (クーポン割有)変更の場合有、事前に確認下さい,http://www.villatokyo.com/
港区,六本木五丁目,六本木,東京都港区六本木5-3-1 レーヌ第2ビル3F,35.662126,139.733286,Bar Quest[Allmix Disco ],DJバー,Disco ･ Allmix,03-5414-2225,19:00-07:00 / 金･土19:00-10:00頃まで,無休,-,3000円,http://www.barquest.tokyo/
港区,六本木六丁目,六本木,東京都港区六本木6-8-22 イケガミビル1F,35.659806,139.732322,THE PUBLIC SIX[House Allmix ],バー,House ･ Allmix,03-5413-3182,17:00-05:00 / 日･祝 ～03:00,無し,立150名 (108席),"3,800円～",https://www.bagus-99.com/public6/
港区,六本木三丁目,六本木,東京都港区六本木3-14-7 アロービルB1F,35.662581,139.734949,Seven Tokyo[Allmix ],クラブ,Allmix,03-6804-5196,(22:00～ ※変動する為要確認),(日 ･ 月 ※要事前確認、祝前の場合変更の可能性あり),150名前後,"3,000円",-
港区,六本木三丁目,六本木,東京都港区六本木3-8-15 六本木日拓ビル 1F-3F,35.663433,139.733995,ZEUS GARDEN[Allmix ],クラブ,Allmix,03-6384-5640,営業日: 火-土･祝前日1階: 18:00～2階: 19:00～3階: 木曜日 19:00-24:00 / 金曜･土曜 22:00-05:00,日 ･ 月 ･ 祝,300名面積: 350坪 (3フロア合計),"4,000円バー利用 1,000円～",https://zeus-garden.com/
港区,六本木三丁目,六本木,東京都六本木3-12-6 六本木プラザビル5F,35.662958,139.733434,MAHARAJA[House Allmix POPs R&B Dance Disco ],クラブ ･ ディスコ,Allmix ･ House ･ Disco ･ Dance ･ R&B ･ POPs,03-6804-1798,月･火 19:00-24:00水･木 19:00-02:00金･土･祝前 19:00-05:00日･祝 イベントにより変動目安となります。事前にご確認下さい。,無休,300人,"4,500円",https://maharaja-r.jp/
港区,六本木七丁目,六本木,東京都港区六本木7-14-10 山室ビル2F,35.663265,139.731812,GERONIMO SHOT BAR[HipHop Allmix Dance Disco 80s TOP40 ],Bar ･ Nightclub ･ Party,80s ･ TOP40 ･ Dance ･ Disco ･ HipHop ･ Allmix,03-3478-7449,18:00-05:00,無休,100人,2000円,http://www.geronimoshotbar.com/
港区,六本木三丁目,六本木,東京都港区六本木3-15-22 陽光セントラル六本木ビル6F,35.662209,139.735158,JP Bar[Latin ],バー,Latin ･ etc.,03-6886-6286,19:00～(23:00までハッピーアワー)変わる可能性あり確認要,日,要確認 (目算:40名～),"2,000円～",-
港区,六本木五丁目,六本木,東京都港区六本木5-16-5 インペリアル六本木ビルB2F,35.661842,139.735069,THE FIRST HOUSE[Allmix R&B ],クラブバー,R&B ･ Allmix,03-6277-7229,19:00-05:00 (ハッピーアワー 22:00まで)※更新の可能性あり、要確認,日,席数 40程,"3,000円",http://thefirsthouse.jp/
港区,六本木三丁目,六本木,東京都港区六本木3-15-23 六本木花椿ビル3F,35.662382,139.735197,ODEON TOKYO[House Trance Allmix EDM ],Club ･ バー,House ･ EDM ･ Allmix ･ Trance,03-3478-4555,21:00-09:00 / 週末 ～12:00※変更の可能性あり、要確認,日,39坪,"3,800円",http://odeon-bar.com/
港区,六本木三丁目,六本木,東京都港区六本木3-10-5 マリーナビル1F,35.663181,139.733365,NEW PLANET TOKYO[HipHop Allmix POPs R&B Dance ],CLUB ･ ラウンジ,Allmix ･ HipHop ･ Dance ･ R&B ･ POPs,03-3470-4340,18:00-08:0023:30までハッピーアワー,無休,100名 ※目算,"3,500円",http://www.newplanet.jp/
港区,六本木五丁目,六本木,東京都港区六本木5-9-22 第二千陽ビルB1F,35.661926,139.732991,Electrik神社[HipHop Live Others Jazz Funk ],バー,Jazz ･ Funk ･ Live ･ HipHop ･ Others,03-3478-3363,19:00-05:00,日,50人,3500円前後,-
港区,六本木三丁目,六本木,東京都港区六本木3-13-6 WINDビルB1,35.662759,139.734156,THE NEW MATRIX BAR[HipHop Allmix Reggae R&B ],DJバー,HipHop ･ R&B ･ Reggae ･ Allmix,03-3405-1066,20:00-05:00 ※更新となる場合あり、要確認,日,-,"2,000円～3,500円",http://matrixbar.jp/
港区,六本木三丁目,六本木,東京都港区六本木3-10-5 マリナービル1F/2F,35.663152,139.733434,JUMANJI 55[House Allmix R&B ],バー ･ ラウンジ,House ･ Allmix ･ R&B,03-5410-5455,19:00～※最新の情報とは異なる場合があります。必ず事前にご確認下さい。,無休,約200名,"3,500円",http://jumanji55.com/
港区,六本木三丁目,六本木,東京都港区六本木3-13-8 ゾーナンビル2F,35.662598,139.733995,mint cafe&pub roppongi[Others ],カフェバー,Others,03-6823-1219,12:00-04:00 (ランチ: 17:00まで),火,立90名未満 / 44席,"3,000円～",https://www.mint-roppongi.jp/
港区,六本木五丁目,六本木,東京都港区六本木5-18-21 FIVEPLAZA B2F,35.660944,139.736935,Club EDGE[Live Others POPs Rock Funk All Genre ],ライブハウス,Live ･ POPs ･ Rock ･ Funk ･ All Genre ･ Others,03-3505-4561,※スケジュールにより異なる,-,150人,3000円前後,http://www.club-edge.net/
港区,六本木三丁目,六本木,東京都港区六本木3-11-6 泰明ビル3F,35.662988,139.733108,Sheyda BAR[House R&B Latin Billboard TOP40 ],ラウンジバー,House ･ TOP40 ･ Billboard ･ Latin ･ R&B,03-6447-0148,21:00-06:00 / 土 21:00-09:00,日,40席前後,"1,000円",http://www.facebook.com/sheydabar
港区,六本木三丁目,六本木,東京都港区六本木 3-15-24 アリエスビル2F,35.66267,139.735213,Two Dogs Taproom[Others ],レストラン ･ バー,Others,03-5413-0333,17:00-05:00,無休,-,2000円～3000円,http://www.twodogs-tokyo.com/
港区,六本木三丁目,六本木,東京都港区六本木3-13-10 六本木幸田ビル5F,35.662738,139.733679,Padi’s Tokyo[Reggae Others ],バー,Reggae ･ Afrobeat ･ Afro Pop,03-6698-9001,18:00-23:00 / 週末 22:00-05:00,無し ･ 不定,-,"2,800円(ファーストドリンク 1,000円 / 料理一品 1,000円程)",http://flf662.wixsite.com/padistokyo
港区,六本木三丁目,六本木,東京都六本木5-5-1 B1F (右奥),35.662934,139.733792,Lex Tokyo[Allmix Others ],クラブ,Allmix ･ Others,営業不明,22:00～ミッドナイト,無休,150名前後,"3,500円",http://lex-tokyo.com/
港区,六本木七丁目,六本木,東京都港区六本木7-6-3 喜楽ビル201,35.664652,139.728603,Funky D[HipHop House R&B Soul Funk 70s 80s ],バー,80s ･ 70s ･ Funk ･ Soul ･ R&B ･ House ･ HipHop,03-3403-5636,平日 20:00-24:00 / 週末 20:00-02:00,日-水 ･ 祝日 (祝前は営業の可能性あり),15名,4000円 (チャージ 1000円)ドリンク 800円～,https://www.facebook.com/FUNKY-D-755612264568202/
港区,六本木三丁目,六本木,東京都港区六本木3-15-24 ウィン六本木1F,35.662614,139.735465,EL CAFE LATINO[Dance Salsa Latin ],バー,Latin ･ Salsa ･ Dance,03-3402-8989,火-木･日 18:00-24:00金･土･祝前日 18:00-05:00,無し,30席,金･土 エントランス1500円,http://www.elcafelatino.com/
港区,六本木三丁目,六本木,東京都港区六本木3-8-15 六本木日拓ビル3F,35.663252,139.734228,ZEN TOKYO[HipHop ],CLUB,HipHop ･ etc.,Closed,木～土･祝前日 22:00-05:00,上記のクラブ営業以外の日は、イベントスペースとして貸切可能,600名 / 面積: 400平米程,"5,000円VIP: 2時間8万円～",-
港区,六本木三丁目,六本木,東京都港区六本木3-12-5 ステラ六本木B1F,35.662803,139.733498,88 STREET BAR[HipHop Allmix Dance Classics Soul ],DJバー,Allmix ･ HipHop ･ Soul ･ Classics ･ Dance,Closed,22:00-06:00 / 週末 20:00-07:00※改定の可能性あり、要確認,無し,-,"2,800円 / 20:00-23:00はオールドリンク500円エントランスフリー",-
港区,六本木七丁目,六本木,東京都港区六本木7-14-23 セントラル六本木1F,35.663661,139.730777,R2 SUPPERCLUB[Live Electronic Jazz Soul Funk Lounge ],ラウンジバー,Soul ･ Jazz ･ Electronic ･ Live ･ Funk ･ Lounge,03-6447-0002,17:00-05:00 / 日 17:00-03:00(ハッピーアワー 17:00-20:00),無休,250名 (127席) / 120坪,"4,000円",http://www.r2sc.jp/
港区,六本木三丁目,六本木,東京都港区六本木3-15-23 花椿ビル1F,35.662328,139.735317,jokers Bar[Allmix R&B Disco ],ダイニングバー,Allmix ･ Disco ･ R&B,03-6434-0574,月-木19:00-05:00 / 金･土19:00-06:00※変更となっている可能性あり、要確認,日,40席前後,"3,000円",-
港区,六本木六丁目,六本木,東京都港区六本木6-10-1 六本木ヒルズウェストウォーク1F,35.661036,139.728813,TUSK[Allmix ],バー,Allmix,03-3478-9991,月-土 11:30-05:00日･祝 11:30-24:00,無休,80席,"1,000円～3,000円",http://tuskbar.jp/
港区,六本木三丁目,六本木,東京都港区六本木3-14-7 アロービルB1F,35.662494,139.73498,7Sense[Allmix ],ラウンジ,Allmix,03-6804-5196,火-木 24:00-07:00金･土 21:00-08:00※が変更となる可能性があります。必ず事前にご確認下さい。,月 ･ 日,150人,平日 / 男性2500円 女性1000円 (フリードリンク)金･土･祝前日 / 男性2000円 女性1000円 (2ドリンク)※最新の情報とは異なる可能性があります。必ず事前に下記HPをご覧下さい,-
港区,六本木七丁目,六本木,東京都港区六本木7-14-5 六本木大和ビル3F,35.663695,139.731549,TOKYO R Bar&Cafe[House Techno Others Electronic Jazz Disco Lounge ],バー,Lounge music ･ Disco ･ House ･ Techno ･ Electronic ･ Jazz ･ Others,Closed,17:00-03:00 / 週末: 17:00-05:00,日,22席 (立 40名前後),"2,000円",https://www.facebook.com/tokyoR.bar/
港区,六本木三丁目,六本木,東京都港区六本木3-15-23 B1F,35.662339,139.73524,MILWAUKEE BAR[Trance Allmix 70s 80s 90s ],アミューズメントバー,Allmix ･ Trance ･ 70s ･ 80s ･ 90s,Closed,18:00-02:00 / 週末･祝前 18:00-06:00,月,120人,2800円,-
港区,六本木三丁目,六本木,東京都港区六本木3-15-24 アリエスビル 1F/B1F,35.662608,139.735254,LINE CLUB[HipHop Allmix Reggae R&B ],バー ･ ラウンジ,HipHop ･ R&B ･ Reggae ･ Allmix,Closed,木･金･土 22:00-09:00※最新の情報とは異なる場合があります。必ず事前にご確認下さい。,-,-,2800円,-
港区,六本木三丁目,六本木,東京都港区六本木3-13-12 エルサビル2F,35.662881,139.733778,MAGNET[HipHop House Techno R&B EDM ],レストランバー,HipHop ･ House ･ EDM ･ R&B ･ Techno,Closed,23:00-05:00 (レストラン ～22:00),日,立 100人,男性2000円～ / 女性1000円～,-
港区,六本木五丁目,六本木,東京都港区六本木5-10-25 R棟,35.659381,139.732495,1OAK Tokyo[HipHop R&B Electro ],CLUB,HipHop･ R&B･ Electro･ Moombahton･ etc.,Closed,23:00-05:00事情により変更となる場合あり、事前に要確認,日 ･ 月,1000人 / 席数180,"一般: 5,000円～1階VIP席: 15万円～2階VIPルーム: 40万円～ ※全て目安",-
港区,六本木五丁目,六本木,東京都港区六本木5-18-2 大昌第二ビルB1F,35.66124,139.73727,VARIT.[All Genre ],ライブハウス ･ クラブ,All Genre,Closed,スケジュールをご確認下さい,-,150～160人前後,-,-
港区,六本木三丁目,六本木,東京都港区六本木3-14-12 六本木三丁目ビルB1F,35.662442,139.734308,BLACK HORSE[Allmix ],クラブ ･ ラウンジバー,Allmix,Closed,18:00-05:00 ※変わる可能性あり、要確認,無休,80席 / 床面積 221.3㎡,"4,000円",-
港区,六本木五丁目,六本木,東京都港区六本木5-16-52 インペリアル六本木2号館 S202,35.661648,139.735189,F.Y.B TOKYO[HipHop Allmix EDM ],バー,Allmix ･ EDM ･ HipHop ･ etc.,Closed,21:00又は22:00より ※変動の可能性あり,日,-,"3,000円～",-
港区,西麻布一丁目,-,東京都港区西麻布1-7-2,35.660841,139.726237,A-LIFE[House Allmix R&B EDM Electro ],CLUB,House ･ Allmix ･ R&B ･ EDM ･ Electro ･ etc.,Closed,21:00-05:00,日 ･ 祝,約900人,"7,000円",http://www.e-alife.net/
港区,六本木四丁目,六本木,東京都港区六本木4-11-11 六本木GMビル B1F,35.664284,139.731621,morph-tokyo[Allmix Live Others POPs ],ライブハウス ･ クラブ,Live ･ POPs ･ Others ･ Allmix,Closed,イベント･ライブにより異なる,-,着席100人 / スタンディング250人,-,http://www.morph-tokyo.com/
港区,六本木三丁目,六本木,東京都港区六本木3-11-10 ココ六本木ビル4F,35.663297,139.732952,RAKAN TOKYO[HipHop R&B Latin ],バー,HipHop ･ Latin ･ R&B ･ etc.,Closed,20:00-07:00 ※貸切等により変動あり。要確認,日 ※祝前日の場合、変わる可能性あり,100名前後,-,-
港区,西麻布三丁目,-,東京都港区西麻布3-2-9 サンライズ六本木B1F,35.660147,139.727791,ROPPONGI BASECAMP[Others All Genre ],バー ･ イベントスペース,All Genre ･ Others,03-6434-7800,19:00-24:00 ※イベント開始はそれぞれ異なる,日 ･ 月 (※要確認),約116平米,-,http://basecamp.tokyo/
港区,西麻布四丁目,-,東京都港区西麻布4-1-1 麻布霞町マンションB1F,35.659466,139.72326,MUSE[House Allmix R&B ],CLUB ･ バー,House ･ R&B ･ Allmix,03-5467-1188,22:00～クラブ営業: 水･木･金･土･祝前バー営業: 火※特別なイベントなどでが変更となる可能性があります。必ず事前にご確認下さい。,日 ･ 月 (※祝前日を除く),1000人前後,"入場料金女性: 入場無料男性: [火] 入場無料、[水･木] 2,000円/2D (学生1,000円/1D)、[金･土･祝前] 4,000円/2D (学生1,000円 OFF)",https://muse-web.com/
港区,麻布十番二丁目,-,東京都港区麻布十番2-5-1 マニヴィア麻布十番8F,35.656459,139.73338,The Beach Lounge[R&B Jazz Disco Soul ],ソウルバー ･ ラウンジ,Soul ･ Jazz ･ R&B ･ Disco,03-5772-5745,平日 ･ 土 20:00-04:00DJプレイ 21:00～※変更となる可能性もございます。事前にお確かめ下さい。,日 ･ 祝,-,3800円,http://www.beach-lounge.jp/
港区,西麻布一丁目,-,東京都港区西麻布1-8-10 1F,35.660365,139.724976,PULPLISM[Others ],ハンバーガーショップ,Others,03-3401-8350,11:30-24:00金･土 11:30-02:00日 11:30-18:00,不定,10席,"1,000円～",https://www.instagram.com/pulplism_everyday/
港区,西麻布一丁目,-,東京都港区西麻布1-14-17 WAVE西麻布1F-2F,35.661291,139.723365,Trip Bar[HipHop 80s TOP40 BlackMusic ],ダイニングバー,TOP40 ･ 80s ･ HipHop ･ BlackMusic ･ etc.,Closed,月-土 18:00-04:00 (2階: 05:00まで)日･祝 17:00-24:00,不定,1階: 45席前後 / 2階: 30名以上,"5,000円～",-
港区,西麻布一丁目,-,東京都港区西麻布1-8-4 三保谷硝子B1F,35.660692,139.725915,新世界[Live Others ],ライブハウス ･ イベントスペース,Live ･ Others,03-5772-6767,※イベントスケジュールにより異なる,不定休,50席 / 立100名,-,http://shinsekai9.jp/
港区,麻布十番一丁目,-,東京都港区麻布十番1-4-5 深尾ビル1F-B1F,35.656956,139.735293,1OAK TOKYO[HipHop ],クラブ,HipHop ･ etc.,03-5572-7535,23:00-05:00,月･火･水･木･日,-,"5,000円",http://www.1oaktokyo.com/
港区,麻布十番二丁目,-,東京都港区麻布十番2-8-7 M2K Holdingビル2F,35.655505,139.734828,Cafe del A.R.M[HipHop House Techno Crossover Minimal ],バー,Techno ･ House ･ Minimal ･ Crossover ･ HipHop ･ etc.,Closed,20:00～月-木 ～02:00金・土 ～04:00最新の情報と異なる場合有、要事前確認,日 (事情により日曜営業した場合は、翌日が休み),30名未満,2500円～3500円前後,-
港区,西麻布三丁目,-,東京都港区西麻布3-1-25 B1F,35.660787,139.727554,SuperDeluxe[Live Others All Genre ],CLUB,All Genre ･ Live ･ Others,Closed,※イベントスケジュールにより異なる,不定休,300人,-,http://www.super-deluxe.com/
港区,麻布十番一丁目,-,東京都港区麻布十番1-4-5 深尾ビル1F / B1F,35.656961,139.735278,ELE TOKYO[Allmix Others Dance EDM Electro ],CLUB,Dance Music ･ Electro ･ Allmix ･ EDM ･ Other,03-5572-7535,22:00～,日～水 (祝前日を除く),地階メインフロア: 400人1階ラウンジ: 100人中二階: 30席未満,"6,000円",http://eletokyo.com/
港区,西麻布一丁目,-,東京都港区西麻布1-12-5 1F,35.660112,139.724084,BAR BLUE[Others ],DJバー,Others,03-6804-3193,18:00-05:00,無休,-,-,-
港区,南青山三丁目,-,東京都港区南青山3-18-19 フェスタ表参道ビルB1F,35.66515,139.712913,VENT[House Techno ],CLUB,House ･ Techno ･ etc.,03-6804-6652,23:00～※イベントによって変動の可能性あり金曜や土曜日、祝前日等の営業がメイン,-,300人,3500円前後から,http://vent-tokyo.net/
渋谷区,渋谷四丁目,-,東京都渋谷区渋谷4-5-9 青山ビルディング2F-4F,35.65863,139.709203,AOYAMA HACHI[HipHop House Techno Allmix Jazz Crossover Electro ],ナイトクラブ,House ･ Techno ･ HipHop ･ Allmix ･ Jazz ･ Crossover ･ Electro,03-5766-4887,イベントごとに変動,不定休,200人,"2,000円～",http://www.aoyama-hachi.net/
港区,南青山五丁目,-,東京都港区南青山5-10-1 H2 AOYAMA BLDG B1F･B2F,35.662762,139.711008,fai aoyama[House Techno Electronic Jazz ],CLUB,House ･ Techno ･ Jazz ･ Electronic,03-5466-3181,22:00～ ※イベントにより異なる,-,300人,3000円～,http://www.fai-aoyama.com/
渋谷区,渋谷二丁目,-,東京都渋谷区渋谷2-9-13 AiiA ANNEXビルB1F,35.660892,139.707572,0 Zero[House Techno Others Electronic Crossover ],クラブ ･ カフェ,House ･ Techno ･ Crossover ･ Electronic ･ Others,03-3797-9933,11:30-05:00 / カフェバータイム11:30-21:00 / CLUBタイム22:00-05:00,-,100人前後,-,http://aoyama-zero.com/
港区,赤坂八丁目,赤坂,東京都港区赤阪8-10-22 ニュー新坂ビルB1F,35.670322,139.726881,EDITION[House Techno Dance EDM Electro ],CLUB,House ･ Techno ･ Electro ･ EDM ･ Dance Music,03-6721-1945,-,-,500人,-,http://edition-site.com/top/
渋谷区,渋谷四丁目,-,東京都渋谷区渋谷4-5-9 青山ビルB1,35.65864,139.709166,Aoyama Tunnel[House Techno Jazz Disco ],ラウンジ,Jazz ･ Techno ･ House ･ Disco,-,月-木19:00-03:00 / 金-土20:00-06:00,-,-,2800円,http://aoyama-tunnel.com/
港区,南青山一丁目,-,東京都港区南青山1-15-18 リーラ乃木坂B1F,35.668118,139.72686,Club CACTUS[Reggae ],CLUB,Reggae,03-3408-9577,月-金 18:00-MIDNIGHT / 土 22:00-05:00,不定休,120人前後,3500円,http://www.clubcactus.jp/
渋谷区,渋谷四丁目,-,東京都渋谷区渋谷4-5-9 青山ビル1F,35.658653,139.70919,RED BAR[House Techno ],バー,Techno ･ House ･ etc.,03-5888-5847,平日 20:00-05:00 / 週末 20:00-08:00 ※変動する場合あり,日,40名未満,1000円～2500円,http://www.redbar-tokyo.com/
港区,南青山六丁目,-,東京都港区南青山6-3-16 ライカビル,35.661197,139.716214,BLUE NOTE TOKYO[Others POPs Jazz ],ジャズクラブ,Others ･ POPs ･ Jazz,03-5485-0088,月-金 17:00-24:00 / 土･日･祝 15:30-23:00,不定休,300人,8500円,http://www.bluenote.co.jp/
港区,南青山五丁目,-,東京都港区南青山5-11-9 レキシントン青山ビルB1F,35.661877,139.712553,IDOL[House Others Electronic Disco ],カフェ ･ イベントスペース,House ･ Electronic ･ Others ･ Disco,03-6427-4779,火-土 11:30-23:00日 11:30-18:00※イベント等により変動あり,月,148坪,カフェ1200円 / イベント時3000円前後,http://idoltokyo.com/
港区,南青山五丁目,-,東京都港区南青山5-6-23 スパイラルB1F,35.663712,139.711617,CAY[Live All Genre ],ライブレストラン,All Genre ･ Live,03-3498-7840,11:30～24:00,不定休,Restaurant営業100名 / LIVE営業300名,Lunch 1000円 / Dinner 3500円 / Charge 500円～,http://www.aoyama-cay.com/
港区,南青山六丁目,-,東京都港区南青山6-10-12 フェイス南青山1F,35.65927,139.715219,Future SEVEN[Others ],イベントスペース,Others,03-6861-7777,-,-,250人,-,http://future7.jp/index.html
港区,南青山四丁目,-,東京都港区南青山4-9-1 シンプル青山ビルB1F,35.667342,139.718153,月見ル君想フ[Live POPs R&B Jazz Funk ],ライブハウス,Live ･ POPs ･ R&B ･ Jazz ･ Funk ･ etc.,03-5474-8115,14:00-22:00,-,150人,-,http://www.moonromantic.com/
港区,南青山六丁目,-,東京都港区南青山6-2-9 NYKビルB1F / B2F,35.660855,139.715525,ever[HipHop House Techno Allmix R&B EDM Electro ],CLUB,House ･ Techno ･ HipHop ･ Allmix ･ R&B ･ EDM ･ Electro,03-5774-1380,23:00-ミッドナイト※イベントにより異なる場合があります。必ず事前にご確認下さい。,-,180人,-,http://www.ever-site.com/
港区,北青山一丁目,-,東京都港区北青山1-4-5 VORT青山1丁目Duals B1F,35.672234,139.721739,RizM[Live Others POPs Rock Folk ],ライブハウス,POPs ･ Live ･ Folk ･ Rock ･ Others,03-6804-5925,※公演ごとに異なる,-,250人,-,-
港区,南青山六丁目,-,東京都港区南青山6-7-14 チガー南青山B1,35.659423,139.717171,REDSHOES[Live Rock ],バー,Rock ･ Live,03-3486-1169,火-土 19:00-04:00 / 日 19:00-24:00※変更となる可能性あり。事前にご確認下さい,月,100名以下 (立),5000円,http://www.redshoes.jp/
渋谷区,神宮前五丁目,-,東京都渋谷区神宮前5-47-6 B1F,35.663912,139.707939,Tokyo Salon[Allmix Live Others ],パーティーラウンジ ･ バー,Live ･ Allmix ･ Others,Closed,火-土19:00～,日 ･ 月,300人,4500円,-
港区,南青山五丁目,-,東京都港区南青山5-8-10 コモド南青山ビル8F,35.662507,139.712059,Le Donjon M[HipHop House Trance Techno R&B Jazz ],バー,Techno ･ Trance ･ House ･ HipHop ･ Jazz ･ R&B,Closed,18:00-03:00,日 ･ 祝,30人,3000円,-
新宿区,歌舞伎町一丁目,-,東京都新宿区歌舞伎町1-21-1 第二東亜会館B1-B2F,35.695223,139.701313,WARP SHINJUKU[HipHop House Techno Allmix DUBSTEP EDM BassMusic ],CLUB,Allmix ･ EDM ･ House ･ Techno ･ HipHop ･ Trap ･ DUBSTEP ･ BassMusic ･ etc.,03-6278-9197,19:00～ラスト,不定,メインフロア: 600名 / 全体: 1500名未満 (320坪),"男性3,000円～ / 女性2,000円",https://warp-shinjuku.jp/
新宿区,歌舞伎町一丁目,-,東京都新宿区歌舞伎町1-3 梅村ビル5F,35.694903,139.704088,ORIZURU[House Techno Dub ],クラブ,House ･ Techno ･ Dub ･ etc.,03-6273-9519,木 21:00-05:00金･土 21:00-05:00 / 06:00-10:00※変更の可能性がある為、事前に要確認,日,150人,"3,000円 ※目安",https://orizuru.club/
新宿区,歌舞伎町一丁目,-,東京都新宿区歌舞伎町1-7-1 J2ビルディングB1-B2F,35.69421,139.702752,CASABLANCA ex. CROSSOVER[HipHop House Trance Allmix Reggae POPs R&B Electro ],クラブバー,R&B ･ POPs ･ Reggae ･ HipHop ･ House ･ Trance ･ Allmix ･ Electro,03-6457-6501,20:00-05:00,無休,地下2階 150名 / 地下1階 30名程 (目算),"エントランス料 ※目安男性 1,000円～3,000円 / 女性 1,000円～",-
新宿区,新宿二丁目,-,東京都新宿区新宿2-18-5 石川ビル2F,35.69097,139.708035,NEW SAZAE[House R&B Disco Soul Funk 70s 80s ],バー ･ ディスコ,Soul ･ Funk ･ 70s ･ 80s ･ Disco ･ House ･ R&B ･ EUROBEAT ･ etc.,03-3354-1745,22:00-07:00 (週末･祝前),(日-木 ※2018年6月以降),-,2500円前後 (エントランス料 1000円)ドリンク 700円,https://twitter.com/newsazae1966
新宿区,歌舞伎町二丁目,-,東京都新宿区歌舞伎町2-28-16 ウィザードセブンB1F,35.696114,139.703484,FATE[Others POPs Rock ],ライブハウス,POPs ･ V-ROCK ･ A-POP ･ Others,03-6278-9332,※ライブにより変動,-,150名,-,http://shinjukufate.net/
新宿区,歌舞伎町一丁目,-,東京都新宿区歌舞伎町1-23-13 第1大滝ビル5F,35.694305,139.70109,カブキラウンジ[HipHop Techno R&B Disco Soul Funk ],バー,HipHop ･ Disco ･ Soul ･ Funk ･ Techno ･ R&B,03-6205-5125,18:00-24:00 / 週末 18:00-05:00,年末年始,60名,3000円,http://kabukilounge.tokyo/
新宿区,新宿二丁目,-,東京都新宿区新宿2-14-16 タラクビル3F,35.690721,139.709524,DJ&VJ Bar 阿吽[HipHop House Techno Allmix EDM ],バー,Allmix ･ Techno ･ House ･ HipHop ･ EDM,070-6612-9014,金･土･祝前 20:00-05:00,不定休,20席 (立 50名),ファーストドリンク: 男性2000円 / 女性1000円※変更の可能性あり,http://a-un.bz/
新宿区,新宿三丁目,-,東京都新宿区新宿3-1-32 新宿ビル2号館3F,35.689766,139.706392,BAR 3R[Others Soul Funk Oldies ],バー,Soul ･ Funk ･ Oldies ･ Others,03-6380-5850,17:00-26:00 ※日により変動する可能性あり,不定休,20名前後 ※目算,"2,500円前後",https://www.facebook.com/pages/BAR-3R/978659105588323
新宿区,新宿二丁目,-,東京都新宿区新宿2-11-7 第33宮廷ビル2F,35.690396,139.707247,ARTY FARTY[All Genre ],バー,All Genre,03-5362-9720,19:00-5:00,-,-,2500円,http://www.arty-farty.net/
新宿区,西新宿六丁目,-,東京都新宿区西新宿6-6-2 ヒルトン東京2F,35.692516,139.691084,ZATTA at ヒルトン東京[HipHop House Allmix Live POPs R&B Jazz Electro Acoustic NewAge ],バー,R&B ･ Jazz ･ POPs ･ HipHop ･ House ･ Allmix ･ Electro ･ NewAge ･ Live ･ Acoustic,03-3344-5111,11:00-25:00 / 週末 11:00-26:00(DJ･ライブ: 18:30～),無し,65席,夜 5000円～ / 昼 3000円,https://www.hiltontokyo.jp/restaurants/zatta
渋谷区,恵比寿西一丁目,-,東京都新宿区歌舞伎町1-10-3 G3ビル1F,35.6478,139.708107,Music Fashion Bar RUN[Allmix ],ミュージックバー,ALLMIX,03-6233-7903,20:00-04:00,日,150名,"5,000円",https://run-shinjuku.jp/
新宿区,歌舞伎町二丁目,-,東京都新宿区歌舞伎町2-36-3 アシベ会館B2F,35.695913,139.702354,ACB HALL[POPs Rock All Genre Acoustic ],ライブハウス,Rock ･ POPs ･ Acoustic ･ All Genre,03-3205-0901,公演により変動貸切対応 9:00-23:00,-,300名,-,http://acb-hall.jp/
新宿区,歌舞伎町一丁目,-,東京都新宿区歌舞伎町1-15-5 ビックレモンビルB2F,35.69413,139.701901,歌舞伎町 鶴千[POPs Rock Soul Funk 70s 80s BlackMusic ],ミュージックバー,BlackMusic ･ 70s ･ 80s ･ Soul ･ Funk ･ POPs ･ Rock ･ AOR ･ etc.,03-6233-7083,月-木: 18:00-03:00金･土: 18:00-05:00日: 18:00-24:00,不定,120名,"3,500円ドリンク1杯: 900円前後",https://www.kabutsuru.com/
新宿区,歌舞伎町二丁目,-,東京都新宿区歌舞伎町2-27-12 Lee2ビル4F-E,35.695774,139.703197,HONEY BEE[HipHop Reggae Soul ],バー,HipHop ･ Reggae ･ Soul ･ etc.,-,20:00-05:00 ※変動する可能性あり、要事前確認,-,15名前後 ※目算,"1,500円～3,000円",https://www.instagram.com/bar_honeybee/
新宿区,大久保二丁目,-,東京都新宿区大久保2-32-3 リスボンビルB1F,35.701467,139.702489,EARTHDOM[Live Psychedelic Others Rock Hardcore ],ライブハウス,Psychedelic ･ Others ･ Rock ･ punk ･ Hardcore ･ Live,03-3205-4469,開演時間により変動,-,350人,-,http://www1.odn.ne.jp/shinjuku-dom/index.html/dom.html
新宿区,新宿三丁目,-,東京都新宿区新宿3-35-1 小宮ビル5F,35.689835,139.703012,新宿ドゥースラー[Reggae Bass Dub Jungle DUBSTEP ],カフェバー,DUBSTEP ･ Jungle ･ Dub ･ Bass ･ Reggae,03-3356-5674,月-木18:00-02:00 / 金･土18:00-04:00 / 日18:00-24:00,無休,席数は30席。イベント時収容人数はMAX80人,2500円,http://duusraa.com/
新宿区,大久保二丁目,-,東京都新宿区大久保2-5-19 シティプラザ大久保B1F,35.702976,139.708173,HEAD POWER[Others POPs R&B Rock A-POP Folk Hardcore ],ライブハウス,Rock ･ POPs ･ Hardcore ･ R&B ･ A-POP ･ Folk ･ Others,03-6380-3769,15:00-22:00貸切可能 09:00-22:00 / 深夜23:00-05:00,不定,150名前後,-,http://headpower.tokyo/
新宿区,新宿二丁目,-,東京都新宿区新宿2-19-9 カドビルB1F,35.691743,139.707338,DJ BAR Heart[HipHop House Techno Allmix Disco ],DJバー,Disco ･ HipHop ･ House ･ Techno ･ Allmix ･ etc.,03-6384-1053,20:00-05:00,日,約215平米(※フロア総面積),"2,500円～ドリンク800円前後から",https://heart-tokyo.com/
新宿区,歌舞伎町一丁目,-,東京都新宿区歌舞伎町1-12-9 タテハナビルB2F,35.695397,139.702599,LOFT[Live POPs Rock Jazz Crossover ],ライブハウス,POPs ･ Live ･ Rock ･ Jazz ･ Crossover ･ etc.,03-5272-0382,※イベント･スケジュールにより異なる,-,500人,-,http://www.loft-prj.co.jp/LOFT/
新宿区,歌舞伎町一丁目,-,東京都新宿区歌舞伎町1-9-8 ASAHIビルB1F,35.69486,139.70349,DECABAR 超[Others ],バー,Allmix ･ Techno ･ Electro ･ EDM ･ Others,03-6273-8415,火曜～土曜日 18:00-05:00日・月 18:00-24:00,年中無休,120～150名 / 30席,"2,000円～",http://profile.ameba.jp/decadancebar/
新宿区,歌舞伎町一丁目,-,東京都新宿区歌舞伎町1-16-10 第27東京ビルB2F,35.693905,139.702102,GOLDEN EGG[Others POPs Rock Jazz Soul Funk ],ライブバー,Jazz ･ POPs ･ Soul ･ Funk ･ Rock ･ Others,03-3203-0405,平日 19:00前後から土日 ライブにより変動,無し,立 70人 / 座 ～50,2500円～,-
新宿区,新宿三丁目,-,東京都新宿区新宿3-8-5 イオヤビル4F,35.690827,139.706474,CURTIS[Reggae Jazz Soul Funk BlackMusic ],バー,BlackMusic ･ Funk ･ Soul ･ Jazz ･ Reggae ･ Afrobeat ･ etc.,03-3351-2714,19:00-06:00 ※変更となる場合あり、要確認,日,カウンター5席程、テーブル席あり,"2,000円前後～",https://curtis-shinjuku.jimdo.com/
新宿区,歌舞伎町一丁目,-,東京都新宿区歌舞伎町1-2-5 東陽ビルB2F,35.693708,139.703942,Zirco Tokyo[Others POPs Rock All Genre ],ライブハウス,All Genre ･ Rock ･ POPs ･ Others,03-6278-9190,※ライブにより変わる,不定,250人,-,http://zirco-tokyo.jp/
新宿区,歌舞伎町一丁目,-,東京都新宿区歌舞伎町1-6-13 良川ビル7 B1F,35.693816,139.702944,AL[HipHop All Genre ],イベント会場,HipHop ･ All Genre,03-3207-9664,15:00-05:00(外の貸切も応相談),無休,立 100人,2500円～,http://al-party-space.com/space/al/
新宿区,新宿二丁目,-,東京都新宿区新宿2-12-16 セントフォービル1F,35.690483,139.707826,AISOTOPE LOUNGE[HipHop House Allmix POPs Disco ],ラウンジ,Allmix ･ Disco ･ HipHop ･ House ･ POPs ･ Others,03-6380-1504,バー20:00～ / イベント22:00～,無休,-,3000円,http://aliving.net/
新宿区,歌舞伎町一丁目,-,東京都新宿区歌舞伎町1-1-7 マルハビル3F,35.693968,139.704982,URACUE[HipHop House Techno Reggae Jazz Soul Funk ],バー,Reggae ･ HipHop ･ Soul ･ Funk ･ Jazz ･ Techno ･ House ･ etc.,-,20:00-06:00,-,12席,チャージ 800円ドリンク 600円～(イベント時のエントランス 1000円1D),https://twitter.com/BarURACUE
新宿区,歌舞伎町二丁目,-,東京都新宿区歌舞伎町2-37-3 丸友ビルB1F,35.696053,139.701832,TOKYO LOOSE[HipHop House Trance Techno Reggae R&B Soul Latin ],バー ･ クラブ,Reggae ･ R&B ･ Techno ･ Trance ･ House ･ HipHop ･ Soul ･ Latin,03-3207-5677,20:00～,無休,150人,2300円,https://www.tokyoloose.com/
新宿区,歌舞伎町二丁目,-,東京都新宿区歌舞伎町2-25-6 永和第6ビルB1F,35.695477,139.703533,club SCIENCE[Live POPs Rock ],ライブハウス,Rock ･ POPs ･ Live,03-6233-9006,-,-,300人,-,http://club-science.com/
新宿区,新宿二丁目,-,東京都新宿区新宿2-11-4 ストークビル長崎1F,35.690281,139.707281,DRAGON MEN[All Genre ],ミュージックバー,All Genre,03-3341-0606,18:00-03:00 / 金･土 18:00-06:00,無し,200人,"600円～2,000円",https://www.dragonmen69.com/
新宿区,新宿二丁目,-,東京都新宿区新宿2-11-2 CASA VERDE 1F-B1F,35.690029,139.707817,EAGLE TOKYO BLUE[HipHop POPs R&B Electro ],ラウンジバー,Electro ･ HipHop ･ POPs ･ R&B ･ etc.,03-6876-8450,平日 21:00-04:00 / 金･土･日 18:00-04:00,無し,-,ドリンク700円～ (ノーチャージ),https://www.eagletokyo.com/
新宿区,上落合三丁目,-,東京都新宿区上落合3-9-10 三笠ビルB1F,35.710888,139.68392,soup[Others ],CLUB,Others,03-6909-3000,※イベントにより異なる,-,100人,-,http://ochiaisoup.com/
新宿区,新宿二丁目,-,東京都新宿区新宿2-18-1 第7天香ビル1F,35.690789,139.708301,AiiRO CAFE[House Allmix POPs Electro ],バー,House ･ Allmix ･ POPs ･ Electro,03-6273-0740,18:00-02:00金･土 05:00まで日 24:00まで,不定休,30名未満,2000円,https://twitter.com/aiirocafe
新宿区,新宿二丁目,-,東京都新宿区新宿2-5-15 第一山興ビルB1F,35.689215,139.707261,REGGAE CLUB OPEN[Live Reggae ],ミュージックバー,Reggae ･ Live,03-3226-8855,18:00～※スケジュールにより異なる。必ず事前にご確認下さい。,-,-,-,https://blogs.yahoo.co.jp/club_open/
新宿区,歌舞伎町二丁目,-,東京都新宿区歌舞伎町2-45-2 ジャストビル5F,35.696336,139.700508,Motion[Others POPs Rock All Genre ],ライブハウス,POPs ･ Rock ･ All Genre ･ Others,03-3209-1278,※毎ライブごとに変動,-,120人,-,http://motion-web.jp/
新宿区,歌舞伎町一丁目,-,東京都新宿区歌舞伎町1-13-7 Tokyo19ビルB1F,35.694601,139.702634,MUSIC BAR L.G[HipHop ],バー,HipHop ･ rap ･ J-POP ･ etc.,不明,20:00-06:00,無し,10名前後 ※目算,ドリンク 600円～ / フード 300円～,https://twitter.com/MUSICBARLG1
新宿区,新宿三丁目,-,東京都新宿区新宿3-10-9 FBビル1F,35.691286,139.706556,Soul Stream[Disco Soul Funk 70s ],バー,Soul ･ Funk ･ AOR ･ 70s ･ acid jazz ･ Fusion ･ Disco ･ Rare groove ･ etc.,03-3356-9600,19:00-03:00 / 週末 19:00-05:00 / 日･祝 19:00-01:00,火,20席 (立 25名),"3,000円前後",https://www.soulstream-bar.com/
新宿区,新宿三丁目,-,東京都新宿区新宿3-10-7 馬酔木ビル2F,35.691379,139.706317,Bar BaoBab[HipHop Reggae Jazz Soul Funk 80s ],バー,80s ･ Jazz ･ Soul ･ Funk ･ HipHop ･ Reggae ･ Rare groove,03-5368-0636,18:00-05:00 / 日 18:00-24:00,無し,30席 (立 40名前後),"3,000円",https://barbaobab.com/
新宿区,百人町一丁目,-,東京都新宿区百人町1-10-7 一番街ビルB1F,35.700312,139.699879,CLUB Voice[Rock Soul A-POP Acoustic Folk ],ライブハウス,Acoustic ･ A-POP ･ Soul ･ Rock ･ Folk ･ etc.,03-5338-0938,15:00-22:00まで ※ライブにより変わる,不定,150人,-,-
新宿区,新宿二丁目,-,東京都新宿区新宿2-12-11 林ビル1F,35.690609,139.707642,BAR GOLDFINGER[Allmix ],バー,Allmix,03-6383-4649,月･水･木･日18:00-02:00金･土18:00-04:00,火,-,-,http://www.goldfingerparty.com/
新宿区,新宿二丁目,-,東京都新宿区新宿2-16-8 新宿北斗ビルB1F,35.691533,139.708618,NeoMasquerade[House Allmix R&B Dance Rock Disco Soul Funk ],DJBAR ･ CLUB,Allmix ･ House ･ Soul ･ Disco ･ Rock ･ Funk ･ Dance ･ R&B,03-5925-8680,火-木 19:00-24:00 / バー 24:00-05:00金･土･祝前 19:00-05:00日･祝 15:00-22:00※イベントにより変更の場合有,月 ※貸切除く,100人,3200円,http://neomasquerade.com/
新宿区,歌舞伎町一丁目,-,東京都新宿区歌舞伎町1-16-6 ポールスタービル7F,35.693956,139.701785,Garam[HipHop Reggae Disco ],クラブ,Reggae ･ HipHop ･ Disco,03-3205-8668,※スケジュールにより異なる,-,-,2500円,https://www.facebook.com/Reggae-CLUB-Garam-115363385216385/
新宿区,新宿二丁目,-,東京都新宿区新宿2-12-4 アコードビルB1F,35.690559,139.707341,Live Freak[Others POPs Rock Hardcore ],ライブハウス,Hardcore ･ Rock ･ Punk ･ POPs ･ Others,03-3351-7542,※日程ごとに変動貸可能 13:00-22:00 / 深夜23:00-05:00,無し,200人,-,-
新宿区,歌舞伎町二丁目,-,東京都新宿区歌舞伎町2-24-3 興和ビルB2F,35.695722,139.703623,HOLIDAY SHINJUKU[Live Rock ],ライブハウス,Rock ･ Live ･ etc.,03-5292-0591,※スケジュールにより異なる,-,450人,-,http://live-ban.com/
新宿区,歌舞伎町二丁目,-,東京都新宿区歌舞伎町2-45-2 カイダ第3ジャストビルB1F,35.696368,139.700408,Marble[Live Others POPs Rock ],ライブハウス,Rock ･ POPs ･ Live ･ Others,03-5272-3558,-,-,100人前後,-,http://marble-web.jp/
新宿区,歌舞伎町二丁目,-,東京都新宿区歌舞伎町2-45-4 第2与三郎ビル3F,35.696537,139.700396,あるけみすたぁ[A-POP ],バー,A-POP,03-6302-1724,19:00-24:00 / 金･土･祝前 19:00-05:00,無し,20席前後,3000円,http://www.alchemistar.jp/
新宿区,新宿四丁目,-,東京都新宿区新宿4-3-15 レイフラット新宿B1F,35.688627,139.703588,ANTIKNOCK[HipHop Rock HardRock HeavyMetal Hardcore ],ライブハウス,Hardcore ･ Punk ･ HeavyMetal ･ HardRock ･ Rock ･ HipHop ･ etc.,03-3350-5670,※ライブ時間は変動貸切可能 (目安)昼 9:00-14:00夜 15:00-22:00(平日)深夜 24:00-05:00,無し,250名,-,http://www.antiknock.net/
新宿区,新宿二丁目,-,東京都新宿区新宿2-12-1 ガーネットビル1F,35.69025,139.70797,ALAMAS CAFE[House Techno Others POPs Dance Disco Crossover ],カフェ ･ バー,Crossover ･ Techno ･ House ･ Disco ･ Dance ･ POPs ･ Others,03-6914-9215,月-木18:00-02:00 / 金･土18:00-05:00 / 日15:00-24:00,無休,-,2000円,http://aliving.net/
新宿区,歌舞伎町一丁目,-,東京都新宿区歌舞伎町1-20-1 ヒューマックスパビリオン新宿歌舞伎町7F,35.695817,139.701496,SHINJUKU FACE[Live Others All Genre ],イベントホール,Others ･ Live ･ All Genre,03-3200-1300,スケジュールによる,-,600人,-,http://shinjuku-face.com/
新宿区,歌舞伎町二丁目,-,東京都新宿区歌舞伎町2-42-16 第二大滝ビルB1F,35.697902,139.701851,SAMURAI[Live Others POPs Rock ],ライブハウス,POPs ･ Rock ･ Others ･ Live ･ etc.,03-5287-3390,※スケジュールによる,-,150人,-,http://live-samurai.jp/
新宿区,新宿一丁目,-,東京都新宿区新宿1-34-13 貝塚ビルB1F,35.69128,139.710938,Wild Side Tokyo[Live POPs Rock All Genre HeavyMetal ],ライブハウス,Live ･ POPs ･ Rock ･ All Genre ･ HeavyMetal,03-5919-8847,※ライブ開始時刻は変動箱貸 14:00-22:00,-,150人,-,http://ws-tokyo.com/
新宿区,歌舞伎町二丁目,-,東京都新宿区歌舞伎町2-45-1 第1トキワビルB1F,35.696321,139.700625,MARZ[House Techno Live Others Rock All Genre ],ライブハウス,Rock ･ All Genre ･ Others ･ House ･ Techno ･ Live,03-3202-8248,※スケジュールにより異なる,-,300人,-,http://www.marz.jp/
新宿区,百人町二丁目,-,東京都新宿区百人町2-1-1 K-PLAZA1 B2F,35.70143,139.702158,unique LABORATORY[A-POP K-POP ],CLUB ･ イベントスペース,A-POP ･ K-POP,Closed,-,-,150～200人,2500円,-
新宿区,高田馬場一丁目,-,東京都新宿区高田馬場1-17-16 スタープラザB1F,35.711988,139.707234,DJ Bar SIGNAL[HipHop Allmix Reggae Old school ],DJバー,HipHop ･ Old school ･ Reggae ･ Allmix,Closed,20:00-05:00,無休,50人,2000円,-
新宿区,歌舞伎町一丁目,-,東京都新宿区歌舞伎町1-14-7 新宿ハヤシビル3F,35.694668,139.702189,DREAM STORE[Live Others All Genre ],ダイニングバー ･ イベントスペース,All Genre ･ Others ･ Live,03-5287-2286,17:00-25:00,無休,350人,4000円,http://dreamstore-shinjuku.jp/
新宿区,歌舞伎町二丁目,-,東京都新宿区歌舞伎町2-1-2 HANROKUビルB1F,35.694976,139.706381,NINE SPICES[Live All Genre ],ライブハウス,All Genre ･ Live,03-3205-1439,-,-,200人,-,http://9spices.rinky.info/
新宿区,西新宿六丁目,-,東京都新宿区西新宿6-5-1 アイランドホール2F,35.692686,139.692569,ReNY[Live All Genre ],ライブハウス,All Genre ･ Live,03-5990-5561,公演ごと変動,-,800人,-,http://ruido.org/reny/
新宿区,歌舞伎町一丁目,-,東京都新宿区歌舞伎町1-21-7 ヒューマックスパビリオン新宿アネックスB2F,35.695443,139.701019,BLAZE[Live Others POPs Rock ],ライブハウス,Live ･ POPs ･ Rock ･ Others,03-5155-5990,スケジュールにより変動,-,800人,-,http://shinjuku-blaze.com/
新宿区,高田馬場三丁目,-,東京都新宿区高田馬場3-3-8 B1F,35.713526,139.701646,AREA[Live POPs Rock HardRock HeavyMetal ],ライブハウス,Live ･ HardRock ･ Rock ･ POPs ･ HeavyMetal ･ etc.,Closed,公演により異なる,-,400人,-,-
新宿区,歌舞伎町一丁目,-,東京都新宿区歌舞伎町1-13-11 甲斐ビルB1F,35.694308,139.70263,CLUB23 TOKYO[HipHop Allmix Reggae R&B ],バー,HipHop ･ Allmix ･ Reggae ･ R&B ･ EUROBEAT ･ etc.,Closed,20:00-05:00,不定,(70名未満 ※目算),"男性 2,000円～ / 女性 1,000円～",https://club23tokyo.jimdo.com/
新宿区,新宿五丁目,-,東京都新宿区新宿5-4-1 新宿Qフラットビル B1F,35.691954,139.7106,FNV[House Live Others POPs Rock All Genre ],ライブハウス,House ･ Live ･ Others ･ POPs ･ Rock ･ All Genre,03-5879-8145,※イベントにより異なる貸切: 日中 14:30-22:00 / 夜間 22:00-05:00,-,100人,3000円,http://f-n-valve.com/
新宿区,新宿五丁目,-,東京都新宿区新宿5-17-13 オリエンタルウェーブ 8/9F,35.692896,139.705177,Christon Cafe[House Trance Techno Electronic ],ダイニングバー,House ･ Electronic ･ Trance ･ Techno,Closed,17:00-23:30,無休,380席 / スタンディング300人,4000円,-
新宿区,歌舞伎町一丁目,-,東京都新宿区歌舞伎町1-15-9 B1F,35.694186,139.702298,BE-WAVE[Others All Genre ],カフェ ･ バー,All Genre ･ Others,Closed,17:00-05:00,無休,-,-,http://be-wave.tokyo/rental-space/
新宿区,歌舞伎町一丁目,-,東京都新宿区歌舞伎町1-2-13 新光ビル2F B号室,35.694768,139.704391,CLUB & DJ BAR BUMP[All Genre ],CLUB ･ DJバー,ALL Genre,営業不明の為非表示,18:00～翌朝7:00Dinner Time 18:00～21:00Club Time 21:00～Last→Happy Hour 21:00～23:00(但し、イベント開催時は除く),年中無休,80人,2000円～2500円,-
中央区,銀座一丁目,-,東京都中央区銀座1-8-19 キラリトギンザ12F･RF,35.674333,139.768658,PLUSTOKYO[House Techno Disco DUBSTEP EDM Electro Drum&Bass BassMusic ],クラブ ･ ラウンジ,Techno ･ House ･ Drum&Bass ･ Electro ･ EDM ･ DUBSTEP ･ Disco ･ BassMusic ･ Trap ･ etc.,03-3563-3776,金 21:00-04:00更新の可能性あり、要事前確認,日･月,1000名以上(席数: 12階 148席 / 屋上 94席),"5,000円前後",http://plustyo.com/
中央区,銀座四丁目,-,東京都中央区銀座4-2-17 銀座111レジャービル B1F-1F,35.672873,139.764091,LAPIS TOKYO[HipHop Allmix R&B EDM ],CLUB,Allmix ･ R&B ･ EDM ･ HipHop ･ etc.,03-6228-6516,金･土･祝前日: 19:00-04:30特別なイベント等の事情により変動の場合あり、予めご確認下さい,日～木,地階 300人 / 1階 50人,"5,000円",http://lapis-tokyo.net/
中央区,銀座六丁目,-,東京都中央区銀座6-4-6 / 646ビル3F-6F,35.671333,139.761656,GENIUS TOKYO[HipHop Allmix Others Disco ],CLUB ･ ディスコ,Allmix ･ HipHop ･ Disco ･ Others,03-3571-5830,火-木 20:00-01:00金 20:00-04:00土 20:00-03:00,日曜と月曜はパーティーイベントのみ,800人,"4,000円～ (女性2,000円)",http://geniustokyo.jp/
中央区,銀座七丁目,-,東京都中央区銀座7-8-13 ブラウンプレイス4F,35.668928,139.761955,GINZA MUSIC BAR[HipHop Techno Rock Jazz Disco Soul Minimal Oldies NewWave ],バー,Jazz ･ Disco ･ Soul ･ Minimal ･ NewWave ･ HipHop ･ Techno ･ Rock ･ 80s ･ 90s ･ Oldies ･ etc.,03-3572-3666,18:00-28:00,日 ･ 祝,30名,"3,000円～",http://ginzamusicbar.com/
中央区,銀座四丁目,-,東京都中央区銀座4-3-5 ハトリビル4F,35.672289,139.764714,POP INN[HipHop Allmix Reggae R&B Disco Classics Soul Funk 80s 90s ],バー,R&B ･ HipHop ･ 90s ･ 80s ･ Funk ･ Soul ･ Classics ･ Disco ･ Reggae ･ Allmix,03-6271-0785,月-木 18:00-24:00 / 週末 18:00-02:00,日,25席 (立 40人),3800円,http://popinn.tokyo/
中央区,銀座六丁目,-,東京都中央区銀座6-9-15 TACT1ビルB1F,35.669991,139.763082,TACT[Live Others POPs Rock Jazz Oldies Acoustic Folk Blues ],ライブハウス,Live ･ Blues ･ Folk ･ Acoustic ･ Oldies ･ Jazz ･ Rock ･ POPs ･ Hawaiian ･ Country ･ Ballade ･ Others,03-3571-3939,スケジュールによる,無し,座80 / 立100名,4000円～6500円,https://ginzatact.com/
中央区,銀座八丁目,-,東京都中央区銀座8-12-6 小野商ビルB1F,35.667341,139.762925,Las Risas[Salsa Latin ],ラテンバー,Latin ･ Salsa,03-3541-3303,19:00-24:00,-,-,1500円,http://www.lasrisas.com/
千代田区,内幸町一丁目,-,東京都千代田区内幸町1-6-5 銀座裏コリドー内,35.669225,139.758431,club GHQ[Allmix ],CLUB,Allmix,03-6550-9655,18:00-24:00 / 金･土 18:00～,不定,350人,"男性4,000円 / 女性1,000円",http://www.clubghq.com/
千代田区,有楽町一丁目,大丸有,東京都千代田区有楽町1-2-14 紫ビルB1F,35.672374,139.759917,300BAR NEXT[HipHop House Techno Dance Disco Old school Soul Funk ],バー,Techno ･ House ･ Soul ･ Old school ･ HipHop ･ Dance ･ Disco ･ Funk,03-3593-8300,17:00～月-木 -02:00 / 金･土･祝前 -04:00 / 日･祝 -23:00,無休,140人,1500円,http://www.300bar-next.com/
中央区,銀座七丁目,-,東京都中央区銀座7-5-5 長谷第一ビルB1F,35.669973,139.761568,The Soul Garden[R&B Disco Soul Funk ],ミュージックバー,Soul ･ Funk ･ Disco ･ R&B ･ AOR,03-6280-6012,18:00-27:00,日 ･ 祝,40人,3500円,http://ameblo.jp/soulgarden-ginza/
中央区,銀座七丁目,-,東京都中央区銀座7-7-9 銀座山市ビル1/2F,35.669099,139.761916,GINZA MAGIC[Disco Soul 70s 80s ],ソウルダイニング,Soul ･ Disco ･ 70s ･ 80s,03-3575-0511,19:00-04:00,日 ･ 祝,-,3500円 / ドリンク800円,http://www.ginza-magic.com/
中央区,銀座八丁目,-,東京都中央区銀座8-6-18 銀座カレラ弐番館B2F,35.668525,139.760358,CYGNUS[R&B Jazz Disco BossaNova ],ライブバー,Chanson ･ BossaNova ･ Jazz ･ Disco ･ R&B ･ etc.,03-3289-0986,18:30-23:30,日,70名前後,"6,000円(2,000円 ミュージックチャージ)(お通し 1,100円)",https://www.cygnus.jp/
中央区,銀座六丁目,-,東京都中央区銀座6-4-8 ニューギンザビル3号館 B1F,35.671053,139.761406,333[Allmix Others ],スポーツバー,Others ･ Allmix,03-3572-1333,月-木 17:00-03:00金･土･祝前 17:00-04:00日･祝 17:00-24:00,無休,～80人,999円,http://bar333.jp/
千代田区,有楽町一丁目,大丸有,東京都千代田区有楽町1-1-2 東京ミッドタウン日比谷3F,35.67361,139.758805,Billboard cafe & dining[Others Disco All Genre TOP40 Acoustic ],レストラン,All Genre ･ Disco ･ Acoustic ･ TOP40 ･ Others,Closed,11:00-23:00ランチ 11:00～カフェ 15:00～ディナー 17:00～,不定休,店内: 100席以上 / テラス: 36席,5000円 / ランチ 1500円,-
千代田区,有楽町一丁目,大丸有,東京都千代田区有楽町1-5-2東宝ツインタワービルB2･B3,35.674427,139.759987,CLUB DIANA[HipHop House Allmix R&B Disco 90s ],クラブ ･ ディスコ,R&B ･ Disco ･ 90s ･ Allmix ･ HipHop ･ House,Closed,日-木･土･祝日18:00-24:00 / 金・祝前日18:00-25:00※イベントにより異なる場合がございますので事前にご確認下さい。,月 ※貸切りは営業,800人,エントランス料金女性日･火 : 1000円 2ドリンク水 : 2000円 2ドリンク木 : 1000円 フリードリンク金･祝前 : 2500円 3ドリンク土 : Free男性日･火･水 : 2500円 2ドリンク木 : 3500円 2ドリンク土 : 3500円 2ドリンク金･祝前 : 4000円 2ドリンク20時までのご入場女性1000円 2ドリンク男性日･火･祝 : 1000円 2ドリンク水 : 1500円 2ドリンク木･金･土･祝前 : 2500円 2ドリンク※最新の情報とは異なる場合があります。必ず,-
中央区,銀座二丁目,-,東京都中央区銀座2-4-18 アルボーレ銀座7F,35.674237,139.766666,Ginza Roots Tokyo[Allmix Jazz Soul 70s 80s 90s ],ラウンジ ･ ダイニングバー,Allmix ･ Soul ･ Jazz ･ 70s ･ 80s ･ 90s,03-5579-9330,月-木･土18:00-05:00 / 金18:00-05:00 / 日･祝18:00-00:00,無休,150人,4000円,http://ginzaroots.com/
中央区,銀座八丁目,-,東京都中央区銀座8-3-12 第2銀座コラムビルB1F,35.66916,139.759145,ThreeHundred Bar GINZA8[House Trance Allmix R&B Electronic ],スタンディングバー,Allmix ･ Trance ･ House ･ R&B ･ Electronic,03-3571-8300,17:00-02:00 / 日･祝17:00-23:00,無休,-,1000円,http://www.300bar-8chome.com/
江東区,亀戸六丁目,-,東京都江東区亀戸6-15-5 庄司ビル2F,35.695445,139.82653,Charlie[HipHop Live Disco Soul Funk 70s 80s 90s Oldies ],バー,Disco ･ Soul ･ Funk ･ HipHop ･ 70s ･ 80s ･ 90s ･ Oldies ･ Live,03-5875-5203,平日 20:00-25:00 / 週末･祝前 20:00-05:00※変動の可能性あり,日 ･ 祝 (臨時休あり),立 40人,2500円～3500円,https://www.facebook.com/Charlie-401927246502836/
港区,赤坂三丁目,赤坂,東京都港区赤坂3-1-11 鈴木ビル3F,35.676875,139.736735,鶴千[Disco Soul Funk 70s 80s ],バー,80s ･ 70s ･ Eurobeat ･ Funk ･ Soul ･ Disco,03-3583-2207,19:00-04:00,日 ･ 祝,50～100名,3000円,https://twitter.com/akatsuru22
港区,赤坂三丁目,赤坂,東京都港区赤坂3-14-1 コンチネンタルIVビルB1F,35.674058,139.73734,Great Journey[HipHop R&B Jazz Disco Soul Funk 70s 80s ],バー,R&B ･ Jazz ･ Disco ･ Soul ･ Funk ･ 70s ･ 80s ･ HipHop,03-5545-5169,19:00-03:00,日 ･ 祝,70名 (40席),4000円,https://thegreatjourney.owst.jp/
港区,赤坂七丁目,赤坂,東京都港区赤坂7-9-7 バルビゾン74 1F,35.669802,139.733045,dot & blue[House Jazz Disco ],バー,Piano ･ Jam session ･ Jazz ･ Disco ･ House,03-3568-3188,18:00-02:00,日 ･ 祝,約50名,5000円,https://www.dot-blue.net/
港区,赤坂三丁目,赤坂,東京都港区赤坂3-11-7 ソシアル赤坂地下,35.674578,139.737585,CRAWFISH[Others POPs Rock Jazz Folk Blues ],ライブバー,Rock ･ Jazz ･ Folk ･ Blues ･ POPs ･ Others,03-3584-2496,19:00前後-24:00,-,立 80人,4000円,-
港区,赤坂三丁目,赤坂,東京都港区赤坂3-20-2 赤坂第3福富ビルB1F,35.676257,139.73633,Bar Luther[Jazz Soul BlackMusic ],バー,Black Contemporary ･ AOR ･ smooth jazz,03-6277-8016,19:00-04:00,日,15席,"3,000円",https://www.luther-yokohama.jp/
港区,赤坂二丁目,赤坂,東京都港区赤坂2-14-1 赤坂山王会館B1F,35.672892,139.737867,CLUB TENJIKU[Allmix Live POPs Rock All Genre EDM ],ライブハウス,Allmix ･ POPs ･ Live ･ Rock ･ All Genre ･ EDM,03-3560-2040,※イベント･スケジュールにより異なる,-,150人,-,http://www.clubtenjiku.jp/
港区,赤坂五丁目,赤坂,東京都港区赤坂5-3-1 赤坂Bizタワー1F,35.673208,139.736406,P.C.A. PUB CARDINAL AKASAKA[Jazz Soul Funk Lounge All Genre ],バー ･ ラウンジ,Jazz ･ Soul ･ Funk ･ Lounge ･ All Genre,03-5545-7767,月-土 11:00-04:00 / 日･祝 11:00-23:00,不定休,着席50人 / スタンディング100人,4500円,http://www.cardinal-japan.com/restaurant/pca/
港区,赤坂三丁目,赤坂,東京都港区赤坂3-21-10 赤坂青明会館B1F,35.676403,139.735908,Graffiti[POPs Rock Acoustic ],ライブハウス,Acoustic ･ Rock ･ POPs ･ etc.,Closed,※ライブ開演は日程による貸切対応時間 10:00-22:00,不定休,座り 90席～ / 立 160人,4000円～,-
江東区,新木場二丁目,-,東京都江東区新木場2-2-10,35.642229,139.825313,ageHa[HipHop House Trance Techno Allmix Live R&B Electronic EDM ],CLUB,EDM ･ House ･ Trance ･ Techno ･ Allmix ･ Live ･ R&B ･ Electronic ･ HipHop ･ etc.,Closed,※イベントにより異なる,アゲハとしてのイベント開催は大方土曜日スタジオコーストとしては平日も営業,2400人,"6,000円～駐車場(150台分あり): 利用料2,000円 ※目安渋谷からの専用シャトルバスは基本無料",http://www.ageha.com/
