指標名,シェアサイクルポート,,,,,,,
出典,東京自転車シェアリング ポートマップ,,,,,,,
年次,2023/2/10取得,,,,,,,
URL,https://www.google.com/maps/d/viewer?mid=1L2l1EnQJhCNlm_Xxkp9RTjIj68Q,,,,,,,
備考,2020年度：645件、2021年度：679件、2022年度：728件,,,,,,,
,,,,,,,,
区,町丁,エリア,住所,ポート名,緯度,経度,休止・再開・閉鎖情報,営業時間・備考
千代田区,九段南一丁目,-,東京都千代田区九段南1-2-1,A1-01.千代田区役所 /?Chiyoda City Office,35.694002,139.753634,-,営業時間 24時間 / Open for 24 hours
千代田区,飯田橋三丁目,-,東京都千代田区飯田橋3-5-1,A1-03.東京区政会館（メトロA5出口） /?Tokyo Kusei Kaikan building(Metro A5 Exit),35.70151,139.747173,-,営業時間 24時間 / Open for 24 hours
千代田区,飯田橋三丁目,-,東京都千代田区飯田橋3-5-1,A1-04.東京区政会館（西側駐輪場） /?Tokyo Kusei Kaikan building(Western parking lot),35.70151,139.747173,-,営業時間 24時間 / Open for 24 hours
千代田区,富士見一丁目,-,東京都千代田区富士見1-6-7,"A1-05.富士見出張所 /?Chiyoda Ward Office,Fujimi Branch",35.699115,139.746373,-,営業時間 24時間 / Open for 24 hours
千代田区,富士見二丁目,-,東京都千代田区富士見2-10-2飯田橋グラン・ブルーム　サクラテラス,A1-08.飯田橋サクラテラス（早稲田通り） / IIDABASHI SAKURA TERRACE (Waseda street),35.699035,139.743801,-,営業時間 24時間 / Open for 24 hours
千代田区,九段北一丁目,-,東京都千代田区九段北1-13-5,A1-10.ヒューリック九段ビル /?Hulic Kudan Building,35.69633,139.750523,-,営業時間 24時間 / Open for 24 hours
千代田区,九段北一丁目,-,東京都千代田区九段北1-13-12,A1-12.北の丸スクエア / KITANOMARU SQUARE,35.69576,139.750731,-,営業時間 24時間 / Open for 24 hours
千代田区,富士見一丁目,-,東京都千代田区富士見1-10-3,A1-15.富士見みらい館 / Fujimi Mirai-kan Hall,35.697316,139.74622,-,営業時間 24時間 / Open for 24 hours
千代田区,九段南一丁目,-,東京都千代田区九段南1-1地先,A1-17.雉子橋集積所 / Kijibashi Shusekijo,35.693218,139.755146,-,営業時間 24時間 / Open for 24 hours
千代田区,九段北一丁目,-,東京都千代田区九段北1-1-4,A1-18.東京区政会館別館(特別区研修所) / Tokyo Kusei Kaikan building Annex (Special Ward Training Center),35.69612,139.752411,-,営業時間 24時間 / Open for 24 hours
千代田区,九段南一丁目,-,東京都千代田区九段南1-6-5,A1-19.九段会館テラス / KUDAN-KAIKAN TERRACE,35.694446,139.751233,-,営業時間 24時間 / Open for 24 hours
千代田区,神田小川町三丁目,-,東京都千代田区神田小川町3-8-2,A2-01.神田駿河台下 /?Kanda Surugadai,35.695808,139.761705,-,営業時間 24時間 / Open for 24 hours
千代田区,西神田二丁目,-,東京都千代田区西神田2-3-11,A2-02.西神田公園（北側） /?Nishikanda Park(North side),35.698599,139.755128,-,営業時間 24時間 / Open for 24 hours
千代田区,西神田二丁目,-,東京都千代田区西神田2-3-11,A2-03.西神田公園（西側） /?Nishikanda Park(West side),35.698599,139.755128,-,営業時間 24時間 / Open for 24 hours
千代田区,神田錦町三丁目,-,東京都千代田区神田錦町3-21,A2-04.ちよだプラットフォームスクウェア /?Chiyoda Platform Square,35.691525,139.761519,-,営業時間 24時間 / Open for 24 hours
千代田区,神田錦町一丁目,-,東京都千代田区神田錦町1−29,A2-05.神田橋公園 /?Kandabashi Park,35.689711,139.764072,-,営業時間 24時間 / Open for 24 hours
千代田区,西神田一丁目,-,東京都千代田区西神田1-2-4,"A2-06.東光電気工事 別館（屋内駐輪場） /?TOKO CO., LTD Annex(Indoor Parking)",35.699216,139.756969,-,営業時間 / Open月 / Mon. 0:00-20:00火~木 / Tue.-Thu. 7:00-20:00金 / Fri. 7:00-24:00土･日 / Sat. Sun. 24時間 / Open for 24 hours祝日 / Holiday 休止 /Closed※祝日の場合は､曜日にかかわらず祝前日の20:00から祝翌日の7:00まではご利用/返却出来ません｡
千代田区,神田駿河台二丁目,-,東京都千代田区神田駿河台2-9,A2-08.KDX御茶ノ水ビル /?KDX Ochanomizu Building,35.700416,139.759597,-,営業時間 24時間 / Open for 24 hours
千代田区,神田錦町三丁目,-,東京都千代田区神田錦町3-22,A2-09.テラススクエア /?TERRACE SQUARE,35.693736,139.760558,-,営業時間 24時間 / Open for 24 hours
千代田区,神田神保町一丁目,-,東京都千代田区神田神保町1-105,A2-12.神保町三井ビルディング /?JINBOCHO MITSUI BUILDING,35.694216,139.760258,-,営業時間 24時間 / Open for 24 hours
千代田区,神田錦町三丁目,-,東京都千代田区神田錦町3-7-1,A2-14.興和一橋ビル / Kowa hitotsubashi Building,35.692453,139.759183,-,営業時間 24時間 / Open for 24 hours
千代田区,神田駿河台一丁目,-,東京都千代田区神田駿河台1-6-5,A2-16.NTT駿河台ビル / NTT Surugadai Build,35.697086,139.763419,-,営業時間 24時間 / Open for 24 hours
千代田区,一ツ橋一丁目,-,東京都千代田区一ツ橋１-2-2,A2-17.竹橋ビル / Takebashi Building,35.692116,139.756686,-,営業時間 24時間 / Open for 24 hours
千代田区,神田猿楽町一丁目,-,東京都千代田区神田猿楽町1-5-15猿楽町SSビル,A2-18.猿楽町SSビル東 / Sarugakucho SS Bldg. east,35.698563,139.759652,-,営業時間 24時間 / Open for 24 hours
千代田区,神田猿楽町一丁目,-,東京都千代田区神田猿楽町1-5-15猿楽町SSビル,A2-19.猿楽町SSビル西 / Sarugakucho SS Bldg. west,35.698563,139.759652,-,営業時間 24時間 / Open for 24 hours
千代田区,神田錦町二丁目,-,東京都千代田区神田錦町2-2-1,A2-20.神田スクエア / KANDA SQUARE,35.693089,139.763277,-,営業時間 24時間 / Open for 24 hours
千代田区,神田神保町三丁目,-,東京都千代田区神田神保町3-27,A2-21.神田神保町3丁目 / Kanda Jimbocho 3,35.694516,139.754861,-,営業時間 24時間 / Open for 24 hours
千代田区,神田神保町三丁目,-,東京都千代田区神田神保町3-4-4,A2-22.専修大学 / SENSHU　UNIVERSITY,35.696083,139.75307,-,営業時間 24時間 / Open for 24 hours
千代田区,神田小川町三丁目,-,東京都千代田区神田小川町3-28-5,A2-23.axle御茶ノ水 / axle Ochanomizu,35.695997,139.763122,-,営業時間 24時間 / Open for 24 hours
千代田区,神田三崎町二丁目,-,東京都千代田区神田三崎町2-22,A2-24.水道橋駅西口前 / Suidobashi Station in front of West exit,35.702096,139.754083,-,営業時間 24時間 / Open for 24 hours
千代田区,神田駿河台一丁目,-,東京都千代田区神田駿河台1-7-1,A2-25.プラウド神田駿河台 / PROUD KANDA SURUGADAI,35.699082,139.760633,-,営業時間 24時間 / Open for 24 hours
千代田区,神田駿河台二丁目,-,東京都千代田区神田駿河台2-10,A2-26.駿台興業 / Sundai Kogyo,35.698747,139.76431,-,営業時間 24時間 / Open for 24 hours
千代田区,大手町一丁目,大丸有,東京都千代田区大手町1-4-2,A2-27.丸紅ビル / Marubeni Building,35.69055,139.760169,-,営業時間 24時間 / Open for 24 hours
千代田区,一ツ橋一丁目,-,東京都千代田区一ツ橋1-2-1,A2-28.NTTコミュニケーションズ一ツ橋ビル駐車場?/ Communications Hitotsubashi Building parking,35.691732,139.756982,-,営業時間 24時間 / Open for 24 hours
千代田区,神田司町二丁目,-,東京都千代田区神田司町2-2,A3-01.神田児童公園（西側交番横） /?Kanda Children Park(West Side Next to the Police Box),35.692745,139.768074,-,営業時間 24時間 / Open for 24 hours
千代田区,内神田二丁目,-,東京都千代田区内神田2-3-6,A3-02.絶滅メディア博物館（楓ビル）/ Extinct Media Museum(Kaede Build.),35.689637,139.767904,-,営業時間 24時間 / Open for 24 hours
千代田区,神田司町二丁目,-,東京都千代田区神田司町2-16,A3-03.NTT東日本神田ビル /?NTT-East Kanda Build,35.693178,139.768394,休止中（2023年2月時点）,営業時間 24時間 / Open for 24 hours
千代田区,神田佐久間町一丁目,-,東京都千代田区神田佐久間町1-18,A3-04.秋葉原公園 /?Akihabara Park,35.697883,139.774702,-,営業時間 24時間 / Open for 24 hours
千代田区,神田和泉町,-,東京都千代田区神田和泉町1,A3-05.和泉公園（西側入口） / Izumi Park(Western Entrance),35.699016,139.777421,-,営業時間 24時間 / Open for 24 hours
千代田区,神田淡路町二丁目,-,東京都千代田区神田淡路町2-107,A3-07.淡路公園 /?Awaji Park,35.696366,139.767494,-,営業時間 24時間 / Open for 24 hours
千代田区,外神田二丁目,-,東京都千代田区外神田2-16-2,A3-08.神田明神（神田神社）/ Kanda Myoujin (Kanda Shrine ),35.702032,139.767885,-,営業時間 24時間 / Open for 24 hours
千代田区,外神田三丁目,-,東京都千代田区外神田3-5-18,A3-10.芳林公園（北側）/?Hourin Park(North Side),35.701952,139.76986,-,営業時間 24時間 / Open for 24 hours
千代田区,外神田六丁目,-,東京都千代田区外神田6-11-19,A3-11.練成公園 /?Rensei Park,35.703707,139.770993,-,営業時間 24時間 / Open for 24 hours
千代田区,外神田四丁目,-,東京都千代田区外神田4-14-1,A3-12.秋葉原UDX北側駐輪場前 /?Akihabara UDX(North Side),35.700541,139.772541,-,営業時間 24時間 / Open for 24 hours
千代田区,神田練塀町,-,東京都千代田区神田練塀町3富士ソフト秋葉原ビル,A3-13.富士ソフトビル（駐車場入口横） /?Fuji Soft Building(Side of Entrance to parking lot),35.700841,139.774102,-,営業時間 24時間 / Open for 24 hours
千代田区,岩本町一丁目,-,東京都千代田区岩本町1-1-1,A3-16.地蔵橋東児童遊園 /?Jizoubashi East Children Park,35.6913,139.775863,-,営業時間 24時間 / Open for 24 hours
千代田区,神田佐久間河岸,-,東京都千代田区神田佐久間河岸92先,A3-18.美倉橋北児童遊園 /?Mikurabashi North Children Park,35.697108,139.778585,-,営業時間 24時間 / Open for 24 hours
千代田区,神田須田町二丁目,-,東京都千代田区神田須田町2-4-24,A3-19.神田ふれあい通り第１ /?Kanda Fureai-dori St. 1,35.695019,139.772891,-,営業時間 24時間 / Open for 24 hours
千代田区,神田須田町二丁目,-,東京都千代田区神田須田町2-4-25,A3-20.神田ふれあい通り第２ /?Kanda Fureai-dori St. 2,35.695019,139.772891,-,営業時間 24時間 / Open for 24 hours
千代田区,神田須田町二丁目,-,東京都千代田区神田須田町2-4-26,A3-21.神田ふれあい通り第３ /?Kanda Fureai-dori St. 3,35.695019,139.772891,-,営業時間 24時間 / Open for 24 hours
千代田区,岩本町一丁目,-,東京都千代田区岩本町1-14-1,A3-22.龍閑児童公園 /?Ryukan Children’s Park,35.693211,139.779735,-,営業時間 24時間 / Open for 24 hours
千代田区,岩本町二丁目,-,東京都千代田区岩本町2-15-3,A3-24.岩本町ほほえみプラザ / Iwamoto-cho Hohoemi Plaza,35.694531,139.77786,-,営業時間 24時間 / Open for 24 hours
千代田区,内神田三丁目,-,東京都千代田区内神田3-21-6,A3-25.神田駅北（神田警察通り）/ North Side of Kanda　Station（Kanda Police St.）,35.692864,139.770635,-,営業時間 24時間 / Open for 24 hours
千代田区,神田花岡町,-,東京都千代田区神田花岡町1-1,A3-27.秋葉原駅中央口（ヨドバシカメラ前）/ JR Akihabara Sta. Central Exit（beside Yodobashi-Akiba）,35.69918,139.772982,-,営業時間 24時間 / Open for 24 hours
千代田区,神田花岡町,-,東京都千代田区神田花岡町1-1,A3-28.秋葉原駅電気街口（西側交通広場）/ JR Akihabara Sta. Electric Town Exit（West Traffic Square）,35.69918,139.772982,-,営業時間 24時間 / Open for 24 hours
千代田区,東神田一丁目,-,東京都千代田区東神田1-15-9,A3-36.クロックカフェ東神田 / Clock caf? Higashi-kanda,35.694953,139.782685,-,営業時間 / Open平日 9:30 - 22:00 土日 9:30 - 23:00
千代田区,東神田二丁目,-,東京都千代田区東神田2-10-9,A3-37.ポータル秋葉原 / THE PORTAL AKIHABARA,35.695745,139.781504,-,営業時間 24時間 / Open for 24 hours
千代田区,神田須田町一丁目,-,東京都千代田区神田須田町1-30-1,A3-38.パークホームズ千代田淡路町 / Park HOMES chiyoda-awajicho,35.695005,139.769571,-,営業時間 24時間 / Open for 24 hours
千代田区,東神田一丁目,-,東京都千代田区東神田1-23-17外,A3-39.トーシン東神田ビル / Toshin Higashikanda Build,35.69392,139.780982,-,営業時間 24時間 / Open for 24 hours
千代田区,外神田四丁目,-,東京都千代田区外神田1-18-13,A3-41.秋葉原ダイビル / Akihabara Daibiru Building,35.699213,139.772093,-,営業時間 24時間 / Open for 24 hours
千代田区,内神田三丁目,-,東京都千代田区内神田3-22,A3-42.内神田3丁目 / Uchikanda 3Chome,35.692622,139.770099,-,営業時間 24時間 / Open for 24 hours
千代田区,東神田一丁目,-,東京都千代田区東神田1-7-10,A3-43.unito CHIYODA,35.694809,139.779296,-,営業時間 24時間 / Open for 24 hours
千代田区,東神田一丁目,-,東京都千代田区東神田1-9‐8,A3-44.THE WAVES AKIHABARA,35.694695,139.779743,-,営業時間 24時間 / Open for 24 hours
千代田区,鍛冶町二丁目,-,東京都千代田区鍛冶町2-1-15,A3-45.鍛冶町2丁目 / Kajicho 2 Chome,35.690976,139.771198,-,営業時間 24時間 / Open for 24 hours
千代田区,神田須田町二丁目,-,東京都千代田区神田須田町2-6,A3-46.神田須田町2丁目 / Kanda sudacho 2 Chome,35.695436,139.773483,-,営業時間 24時間 / Open for 24 hours
千代田区,丸の内二丁目,大丸有,東京都千代田区丸の内2-4-1,A4-01.丸ビル（南側駐輪場） /?Marunouchi Build.(Southern Cycle Port),35.681079,139.76383,-,営業時間 24時間 / Open for 24 hours
千代田区,大手町一丁目,大丸有,東京都千代田区大手町1-7-2,A4-02.東京サンケイビル / Tokyo Sankei Building,35.687076,139.765433,-,営業時間 24時間 / Open for 24 hours
千代田区,丸の内三丁目,大丸有,東京都千代田区丸の内3-5-1,A4-03.東京国際フォーラム（メトロD5出口） /?Tokyo International Forum (Metro D5 Exit),35.676946,139.763503,-,営業時間 24時間 / Open for 24 hours
千代田区,大手町一丁目,大丸有,東京都千代田区大手町1-5,A4-05.大手町タワー /?THE OTEMACHI TOWER,35.685542,139.764644,-,営業時間 24時間 / Open for 24 hours
千代田区,大手町一丁目,大丸有,東京都千代田区大手町1-5-1,A4-06.大手町ファーストスクエア /?OTEMACHI 1st SQUARE,35.685917,139.764236,-,営業時間 24時間 / Open for 24 hours
千代田区,丸の内一丁目,大丸有,東京都千代田区丸の内1-6-2,A4-08.永代通り（大手町駅B2c出口前） / Eitai-dori（beside Otemachi Sta.B2c Exit）,35.684179,139.766425,-,営業時間 24時間 / Open for 24 hours
千代田区,丸の内二丁目,大丸有,東京都千代田区丸の内2-2-18地先,A4-11.二重橋前駅（メトロ4番出口）/ Nijubashimae Sta. （Metro 4 Exit）,35.680196,139.762278,-,営業時間 24時間 / Open for 24 hours
千代田区,有楽町一丁目,大丸有,東京都千代田区有楽町1-1-2,A4-12.東京ミッドタウン日比谷 / TOKYO MIDTOWN HIBIYA,35.673713,139.759173,-,営業時間 24時間 / Open for 24 hours
千代田区,大手町二丁目,大丸有,東京都千代田区大手町2-2-2,A4-13.アーバンネット大手町ビル / Urbannet Otemachi Building,35.685415,139.767666,-,営業時間 24時間 / Open for 24 hours
千代田区,丸の内三丁目,大丸有,東京都千代田区丸の内3-5-1,A4-14.東京国際フォーラム（有楽町駅ガード側）/ Tokyo International Forum (Yurakucho Station side),35.676946,139.763503,-,営業時間 24時間 / Open for 24 hours
千代田区,大手町二丁目,大丸有,東京都千代田区大手町2-7-1,A4-15.TOKIWAブリッジ / TOKIWA Bridge,35.686234,139.769481,-,営業時間 24時間 / Open for 24 hours
千代田区,永田町二丁目,赤坂,東京都千代田区永田町2-11-1,A5-02.山王パークタワー /?Sanno Park,35.673571,139.740394,-,営業時間 24時間 / Open for 24 hours
千代田区,永田町一丁目,赤坂,東京都千代田区永田町1-11-16,A5-03.参議院第二別館（永田町駅2番出口） /?Second Annex of House of Councillors（Nagatacho station No.2 Exit),35.678134,139.742407,-,営業時間 24時間 / Open for 24 hours
千代田区,内幸町二丁目,-,東京都千代田区内幸町2-1-6地先,"A5-04.日比谷パークフロント前（日比谷公園南面向い歩道上）/ In front of ""HIBIYA PARKFRONT"" Building（On the sidewalk of the southside of Hibiya Park）",35.670874,139.753598,-,営業時間 24時間 / Open for 24 hours
千代田区,永田町二丁目,赤坂,東京都千代田区永田町2-10-2,A5-06.APA HOTEL PRIDE〈国会議事堂前〉/ APA HOTEL PRIDE〈KOKKAIGIJIDOMAE〉,35.674576,139.741152,休止中（2023年2月時点）,営業時間 24時間 / Open for 24 hours
千代田区,内幸町二丁目,-,東京都千代田区内幸町2-2-2,A5-07.富国生命ビル / FUKOKUSEIMEI BLDG.,35.670677,139.755112,-,営業時間 24時間 / Open for 24 hours
千代田区,三番町,-,東京都千代田区三番町18,A6-01.東郷元帥記念公園 /?General Togo memory park,35.690733,139.740849,-,営業時間 24時間 / Open for 24 hours
千代田区,一番町,-,東京都千代田区一番町12,A6-02.いきいきプラザ一番町（西側駐輪場） /?Iki-iki Plaza Ichiban-cho(Western Cycle Port),35.687105,139.739902,-,営業時間 24時間 / Open for 24 hours
千代田区,二番町,-,東京都千代田区二番町5-25,A6-07.二番町センタービル /?Nibancho Center Building,35.6856,139.736096,-,営業時間 24時間 / Open for 24 hours
千代田区,二番町,-,東京都千代田区二番町8-8,A6-08.二番町ガーデン /?Nibancho Garden,35.685955,139.734152,-,営業時間 24時間 / Open for 24 hours
千代田区,紀尾井町,赤坂,東京都千代田区紀尾井町3-12,A6-09.紀尾井町ビル（北側） /?Kioicho Building(North side),35.682273,139.736938,-,営業時間 24時間 / Open for 24 hours
千代田区,紀尾井町,赤坂,東京都千代田区紀尾井町3-12,A6-10.紀尾井町ビル（西側） /?Kioicho Building(West side),35.682273,139.736938,-,営業時間 24時間 / Open for 24 hours
千代田区,紀尾井町,赤坂,東京都千代田区紀尾井町1-2,A6-11.東京ガーデンテラス紀尾井町 / Tokyo Garden Terrace kioicho,35.679695,139.736948,-,営業時間 24時間 / Open for 24 hours
千代田区,五番町,-,東京都千代田区五番町12-1,A6-13.番町会館 / Banchokaikan,35.688911,139.733391,-,営業時間 / Open平日 / Weekday 8:00-18:30土日祝日 / Weekend & Holidays: Closed
千代田区,五番町,-,東京都千代田区五番町1-9,A6-14.MG市ヶ谷ビルディング / MG Ichigaya Building,35.690788,139.736363,-,営業時間 24時間 / Open for 24 hours
千代田区,四番町,-,東京都千代田区四番町6-2,A6-15.東急番町ビル / Tokyu Bancho Building,35.689308,139.735827,-,営業時間 24時間 / Open for 24 hours
千代田区,一番町,-,東京都千代田区一番町2-2,A6-16.一番町第二TGビル / Ichibancho-daini TG Building,35.688411,139.744271,-,営業時間 24時間 / Open for 24 hours
千代田区,紀尾井町,赤坂,東京都千代田区紀尾井町1-2,A6-17.東京ガーデンテラス紀尾井町（プリンス通り側）/ Tokyo Garden Terrace kioicho (Prince Street Side),35.679695,139.736948,-,営業時間 24時間 / Open for 24 hours
千代田区,麹町六丁目,-,東京都千代田区麹町6-6-2,A6-19.東急四谷ビル / TOKYU Yotsuya building,35.685739,139.73208,-,営業時間 24時間 / Open for 24 hours
千代田区,麹町四丁目,-,東京都千代田区麹町4-5-21,A6-20.紀尾井町PREX / Kioicho PREX,35.683675,139.736838,-,営業時間 24時間 / Open for 24 hours
千代田区,麹町五丁目,-,東京都千代田区麹町5-4,A6-21.日本工営ビル / Nippon Koei Building,35.684956,139.733961,-,営業時間 24時間 / Open for 24 hours
千代田区,麹町二丁目,-,東京都千代田区麹町2-5-1,A6-22.半蔵門PREX South / Hanzomon PREX South,35.683684,139.740732,-,営業時間 24時間 / Open for 24 hours
千代田区,三番町,-,東京都千代田区三番町１,A6-23.セブン-イレブン千代田三番町店 / Seven-Eleven Chiyoda Sanbancho,35.689272,139.744907,-,営業時間 24時間 / Open for 24 hours
千代田区,隼町,-,東京都千代田区隼町4-1,A6-24.国立劇場 / National Theatre,35.681545,139.743379,-,営業時間 24時間 / Open for 24 hours
千代田区,平河町二丁目,-,東京都千代田区平河町2-7-4,A6-25.麹町仮住宅 / Kojimachi Temporary Housing,35.679465,139.740285,-,営業時間 24時間 / Open for 24 hours
千代田区,麹町一丁目,-,東京都千代田区麹町1-7-2,A6-26.相互半蔵門ビル / Sougo Hanzoumon Building,35.683367,139.743007,-,営業時間 24時間 / Open for 24 hours
中央区,日本橋小伝馬町,-,東京都中央区日本橋小伝馬町5-2,B1-01.十思公園 /?Jisshi Park,35.691103,139.777871,-,営業時間 24時間 / Open for 24 hours
中央区,日本橋本石町四丁目,日八京,東京都中央区日本橋本石町4-4-3,B1-03.常盤公園（北側） /?Tokiwa Park(North Side),35.68797,139.769894,-,営業時間 24時間 / Open for 24 hours
中央区,東日本橋二丁目,-,東京都中央区東日本橋2-22-4,B1-04.産業会館 /?Industrial Hall,35.694017,139.78713,-,営業時間 24時間 / Open for 24 hours
中央区,日本橋堀留町一丁目,-,東京都中央区日本橋堀留町1-1-1,B1-05.日本橋保健センター /? Nihonbashi Health Center,35.687412,139.778963,-,営業時間 24時間 / Open for 24 hours
中央区,日本橋小舟町,-,東京都中央区日本橋小舟町4-1,B1-06.伊場仙ビル / Ibasen Building,35.68754,139.777207,-,営業時間 24時間 / Open for 24 hours
中央区,日本橋浜町二丁目,-,東京都中央区日本橋浜町2-31-1,B1-08.明治座 /?Meijiza,35.687754,139.787322,-,営業時間 24時間 / Open for 24 hours
中央区,日本橋本町一丁目,日八京,東京都中央区日本橋本町1-4-14,B1-09.スマイルホテル日本橋三越前 /?Smile Hotel Nihonbashi Mitsukoshimae,35.686262,139.77603,-,営業時間 24時間 / Open for 24 hours
中央区,日本橋箱崎町,-,東京都中央区日本橋箱崎町3-1,B1-10.箱崎川第二公園 /?Hakozakigawa Dai-ni Park,35.680938,139.78496,-,営業時間 24時間 / Open for 24 hours
中央区,日本橋蛎殻町二丁目,-,東京都中央区日本橋橋蛎殻町2-17先,B1-11.浜町川緑道 / Hamacho-gawa Ryokudo,35.684446,139.787413,-,営業時間 24時間 / Open for 24 hours
中央区,日本橋堀留町二丁目,-,東京都中央区日本橋堀留町2-10-12,B1-12.ファミリーマート堀留町二丁目店 /?Familly Mart Horidomecho 2-chome Store,35.687801,139.781968,-,営業時間 24時間 / Open for 24 hours
中央区,日本橋蛎殻町二丁目,-,東京都中央区日本橋蛎殻町2-1-1,B1-15.ロイヤルパークホテル / ROYAL PARK HOTEL,35.68238,139.786593,-,営業時間 24時間 / Open for 24 hours
中央区,日本橋小網町,-,東京都中央区日本橋小網町9-1,"B1-16.小網町児童遊園
?/ Koamicho Children's Playground",35.68369,139.780049,-,営業時間 24時間 / Open for 24 hours
中央区,日本橋小網町,-,東京都中央区日本橋小網町1-3,B1-18.セブン-イレブン 日本橋小網町店 / Seven-Eleven Nihonbashi Koamicho store,35.681207,139.781354,-,営業時間 24時間 / Open for 24 hours
中央区,日本橋本石町四丁目,日八京,東京都中央区日本橋本石町4-1先,B1-20.竜閑さくら橋際街角広場 / Ryuukan Sakura Bridge Street Corner Plaza,35.688314,139.768902,-,営業時間 24時間 / Open for 24 hours
中央区,日本橋二丁目,日八京,東京都中央区日本橋2-10先,B1-21.日本橋二丁目街角広場 / Nihonbashi 2-Chome　Street Corner Plaza,35.680999,139.774807,-,営業時間 24時間 / Open for 24 hours
中央区,日本橋箱崎町,-,東京都中央区日本橋箱崎町6-7,B1-23.NANAEI日本橋 / NANAEI NIHONBASHI,35.679391,139.784151,-,営業時間 24時間 / Open for 24 hours
中央区,日本橋富沢町,-,東京都中央区日本橋富沢町11-19,B1-24.SOHO30,35.689723,139.78153,-,営業時間 24時間 / Open for 24 hours
中央区,日本橋堀留町二丁目,-,東京都中央区日本橋堀留町2-1-7,B1-26.in the Hood 日本橋 / in the Hood Nihonbashi,35.687962,139.781207,-,営業時間 24時間 / Open for 24 hours
中央区,日本橋本町四丁目,日八京,東京都中央区日本橋本町4-9-11,B1-27.日本橋本町4丁目 / Nihonbashi Honcho 4 chome,35.689928,139.776191,-,営業時間 24時間 / Open for 24 hours
中央区,日本橋小網町,-,東京都中央区日本橋小網町18-5,B1-28.アイルイムーブル日本橋 / Isle Immeuble Nihombashi,35.684677,139.779246,-,営業時間 24時間 / Open for 24 hours
中央区,湊一丁目,-,東京都中央区湊1-5-1,B2-01.鉄砲洲児童公園（西側） /?Teppozu Children’s Park(West Side),35.671814,139.779318,-,営業時間 24時間 / Open for 24 hours
中央区,京橋三丁目,日八京,東京都中央区京橋3-1先,B2-02.柳通り（東京スクエアガーデン前） ?Yanagi-dori St. (In front of TOKYO SQUARE GARDEN),35.675885,139.768622,-,営業時間 24時間 / Open for 24 hours
中央区,湊一丁目,-,東京都中央区湊1-1-1,B2-03.女性センター（ブーケ21） / ?Women’s Center(Bouquet 21),35.673733,139.778757,-,営業時間 24時間 / Open for 24 hours
中央区,京橋二丁目,日八京,東京都中央区京橋2-16-1,B2-04.清水建設本社（都営地下鉄宝町A08出口） /?Shimizu Corporation Head Office,35.676527,139.773082,-,営業時間 24時間 / Open for 24 hours
中央区,入船三丁目,-,東京都中央区入船3-2-6,B2-05.NTT東日本築地ビル /?NTT-East Tsukiji Build.,35.670575,139.77576,-,営業時間 24時間 / Open for 24 hours
中央区,日本橋茅場町一丁目,-,東京都中央区日本橋茅場町1-5-12,B2-07.東京証券会館（北側） / Tokyo Shoken Kaikan(North Side),35.680868,139.779424,-,営業時間 24時間 / Open for 24 hours
中央区,日本橋茅場町一丁目,-,東京都中央区日本橋茅場町1-6-12,B2-08.共同ビル（茅場町交差点前） /?Kyodo Building (near Kayabacho Crossing),35.680885,139.778699,-,営業時間 24時間 / Open for 24 hours
中央区,日本橋茅場町一丁目,-,東京都中央区日本橋茅場町1-8-1,B2-09.茅場町一丁目平和ビル /?Kayabacho 1-chome Heiwa Building,35.680177,139.77879,-,営業時間 24時間 / Open for 24 hours
中央区,新川一丁目,-,東京都中央区新川1-28-5,B2-10.東京ダイヤビルディング（北側）/North Side of Tokyo Dia Building,35.675305,139.784904,-,営業時間 24時間 / Open for 24 hours
中央区,京橋二丁目,日八京,東京都中央区京橋2-2-1,B2-11.京橋エドグラン / KYOBASHI EDOGRAND,35.677366,139.769502,-,営業時間 24時間 / Open for 24 hours
中央区,新川一丁目,-,東京都中央区新川1-28-5,B2-12.東京ダイヤビルディング（東側）/East Side of Tokyo Dia Building,35.675305,139.784904,-,営業時間 24時間 / Open for 24 hours
中央区,日本橋兜町,-,東京都中央区日本橋兜町7-1,B2-15.KABUTO ONE,35.681182,139.778163,-,営業時間 24時間 / Open for 24 hours
中央区,八丁堀一丁目,-,東京都中央区八丁堀1-13-7,B2-16.ホテルサードニクス東京 / Hotel Sardonyx Tokyo,35.676721,139.778574,-,営業時間 24時間 / Open for 24 hours
中央区,八丁堀三丁目,-,東京都中央区八丁堀3-3-1,B2-17.アーバネックス八丁堀 / Urbanex Hacthobori,35.675183,139.773702,-,営業時間 24時間 / Open for 24 hours
中央区,新川一丁目,-,東京都中央区新川1-3-10,B2-18.旭ビルディング / Asahi Bldg,35.678486,139.781637,-,営業時間 24時間 / Open for 24 hours
中央区,築地一丁目,-,東京都中央区築地1-1-1,B3-01.中央区役所 /?Chuo City Office,35.670586,139.772002,-,営業時間 24時間 / Open for 24 hours
中央区,築地一丁目,-,東京都中央区築地1-1-1,B3-02.京橋図書館 /?Kyobashi Library,35.670586,139.772002,-,営業時間平日 Open 8:30 - 18:00土日祝日および年末年始(12/29~1/3)は一時休止
中央区,築地五丁目,-,東京都中央区築地5-1-1先,B3-04.築地市場駅地下駐輪場 /?Tsukijishijo Station Basement,35.665575,139.767347,-,営業時間 / Open 5:00~25:00(深夜1時)
中央区,築地七丁目,-,東京都中央区築地7-18-24,B3-05.興和住生築地ビル /?Kowa Sumisei Tsukiji Bldg.,35.664364,139.77563,-,営業時間 24時間 / Open for 24 hours
中央区,築地五丁目,-,東京都中央区築地5-3-2,B3-06.朝日新聞東京本社 /?Asahi Shimbun Tokyo Head Office,35.664073,139.765636,-,営業時間 24時間 / Open for 24 hours
中央区,築地七丁目,-,東京都中央区築地7-18-28,B3-09.築地永谷コーポラス / Tsukiji Nagatani corporate house,35.664951,139.776408,-,営業時間 24時間 / Open for 24 hours
中央区,新富一丁目,-,東京都中央区新富1-14-10,B3-10.DJホステル銀座 / DJ Hostel Ginza,35.673194,139.775049,休止中（2023年2月時点）,営業時間 24時間 / Open for 24 hours
中央区,築地四丁目,-,東京都中央区築地4-16-2,B3-12.築地場外市場 / Tsukiji Outer Market,35.665045,139.769822,-,営業時間 24時間 / Open for 24 hours
中央区,築地五丁目,-,東京都中央区築地5-1-1,B3-13.国立がん研究センター / National Cancer Center Hospital,35.665575,139.767347,-,営業時間 24時間 / Open for 24 hours
中央区,銀座六丁目,-,東京都中央区銀座6-14-7,B3-15.ACホテル・バイ・マリオット東京銀座 / AC Hotel Tokyo Ginza,35.668716,139.765303,-,営業時間 24時間 / Open for 24 hours
中央区,明石町,-,東京都中央区明石町14先,B3-16.明石町区民館 /?Akashicho Community Hall,35.6655,139.777769,-,営業時間 24時間 / Open for 24 hours
中央区,銀座六丁目,-,東京都中央区銀座6-17-1,B3-17.銀座6丁目-SQUARE / Ginza 6-chome SQUARE,35.667519,139.766573,-,営業時間 24時間 / Open for 24 hours
中央区,築地一丁目,-,東京都中央区築地1-13-1,B3-18.銀座松竹スクエア / Ginza Shochiku Square,35.668267,139.769347,-,営業時間 24時間 / Open for 24 hours
中央区,新富一丁目,-,東京都中央区新富1-13-14,B3-19.本の森ちゅうおう / Honnomori Chuo,35.673672,139.775552,-,営業時間 24時間 / Open for 24 hours
中央区,晴海三丁目,-,東京都中央区晴海3-1-6,B4-01.黎明橋公園（駐輪場） /?Reimeibashi Park(Parking Area),35.656763,139.779852,-,営業時間 24時間 / Open for 24 hours
中央区,月島四丁目,-,東京都中央区月島4-1-1,B4-02.月島特別出張所 /?Tsukishima Special Branch Office,35.662059,139.782141,-,営業時間 24時間 / Open for 24 hours
中央区,晴海一丁目,-,東京都中央区晴海1-8先,B4-03.桜の散歩道（晴海トリトンスクウエア前） /?Sakura no Sanpomichi (Harumi Triton Square),35.656121,139.781838,-,営業時間 24時間 / Open for 24 hours
中央区,晴海三丁目,-,東京都中央区晴海3-12-1,B4-04.KDX晴海ビル / KDX Harumi Building,35.654677,139.778536,-,営業時間 24時間 / Open for 24 hours
中央区,晴海四丁目,-,東京都中央区晴海4-1-11,B4-05.ドコモ・バイクシェア晴海ポート /?DOCOMO BIKESHARE Harumi Bike Port,35.654024,139.781533,-,営業時間 24時間 / Open for 24 hours
中央区,月島二丁目,-,東京都中央区月島2-10-3先,B4-06.月島駅地下駐輪場 /?Tsukishima Station Basement,35.663273,139.783971,-,営業時間 / Open 5:00~25:00(深夜1時)
中央区,勝どき一丁目,-,東京都中央区勝どき1-9-4先,B4-07.勝どき駅地下駐輪場 /?Kachidoki Station Basement,35.659351,139.776227,-,営業時間 / Open 5:00~25:00(深夜1時)
中央区,勝どき五丁目,-,東京都中央区勝どき5-10-10,B4-08.東京ミッドベイ勝どき（西仲通り） /?TOKYO MIDBAY KACHIDOKI（Nishinaka St.）,35.65609,139.771689,-,営業時間 24時間 / Open for 24 hours
中央区,佃一丁目,-,東京都中央区佃1-11-9,B4-10.リバーシティ/ River City,35.669384,139.784315,-,営業時間 24時間 / Open for 24 hours
中央区,勝どき四丁目,-,東京都中央区勝どき4-13-4,B4-11.ダンスキューブ勝どき / DANCE CUBE KACHIDOKI,35.656643,139.774911,-,営業時間 24時間 / Open for 24 hours
中央区,勝どき六丁目,-,東京都中央区勝どき6-3-1,B4-12.THE TOKYO TOWERS,35.654993,139.774464,-,営業時間 24時間 / Open for 24 hours
中央区,勝どき一丁目,-,東京都中央区勝どき1-3-1,B4-14.Brillia ist Tower 勝どき / Brillia ist Tower Kachidoki,35.660775,139.776948,-,営業時間 24時間 / Open for 24 hours
中央区,佃二丁目,-,東京都中央区佃2-1-2,B4-15.リバーシティ イーストタワーズ / River City East Towers,35.669742,139.786287,-,営業時間 24時間 / Open for 24 hours
中央区,豊海町,-,東京都中央区豊海町5-1,B4-18.豊海センタービル / TOYOMI CENTER BUILDING,35.653496,139.769814,-,営業時間 24時間 / Open for 24 hours
中央区,佃二丁目,-,東京都中央区佃2-2-11,B4-19.コーシャタワー佃 / Kosha Tower Tsukuda,35.66812,139.786732,-,営業時間 24時間 / Open for 24 hours
中央区,月島二丁目,-,東京都中央区月島2-1-1先,B4-21.月島駅前第一駐輪場 / Tsukishima station square first bicycle parking,35.663701,139.785135,-,営業時間 24時間 / Open for 24 hours
中央区,勝どき五丁目,-,東京都中央区勝どき5-11-15,B4-22.リビオレゾン勝どきNEX / LIVIO RAISON KACHIDOKI NEX,35.656307,139.771153,-,営業時間 24時間 / Open for 24 hours
中央区,豊海町,-,東京都中央区豊海町6,B4-23.交通広場（豊海町）/ TRAFFIC SQUARE(Toyomicho),35.654118,139.769314,-,営業時間 24時間 / Open for 24 hours
中央区,月島二丁目,-,東京都中央区月島2-13-10,B4-24.ミュプレ月島 / MIEUXPRES TUKISHIMA,35.662995,139.783271,-,営業時間 24時間 / Open for 24 hours
港区,西新橋一丁目,虎ノ門,東京都港区西新橋1-12-10,C1-02.西新橋1丁目（外堀通り） /?Nishi-Shinbashi 1Chome (Sotobori St.),35.668616,139.753504,-,営業時間 24時間 / Open for 24 hours
港区,虎ノ門一丁目,虎ノ門,東京都港区虎ノ門1-23-1,C1-04.虎ノ門ヒルズ /?TORANOMON HILLS,35.6673,139.749071,-,営業時間 24時間 / Open for 24 hours
港区,西新橋二丁目,虎ノ門,東京都港区西新橋2-22-7,C1-05.西新橋２丁目（新虎通り） /?Nishi-Shinbashi 2-Chome (Shintora St.),35.665622,139.752601,-,営業時間 24時間 / Open for 24 hours
港区,愛宕二丁目,虎ノ門,東京都港区愛宕2-5-1,C1-09.愛宕グリーンヒルズ /?Atago GREEN HILLS,35.662139,139.748913,-,営業時間 24時間 / Open for 24 hours
港区,新橋四丁目,虎ノ門広域,東京都港区新橋4-9-1,C1-14.新橋プラザビル / Shinbashi Plaza Building,35.664383,139.756379,-,営業時間 24時間 / Open for 24 hours
港区,芝公園四丁目,-,東京都港区芝公園4-2-8,C1-15.東京タワー /?TOKYO TOWER,35.658592,139.745441,-,営業時間 24時間 / Open for 24 hours
港区,芝公園三丁目,虎ノ門,東京都港区芝公園3-5-8,C1-16.機械振興会館 /?Kikai Shinko Kaikan Building,35.659703,139.745252,-,営業時間 24時間 / Open for 24 hours
港区,芝公園一丁目,-,東京都港区芝公園1-5-25,C1-17.港区役所 /?Minato City Hall,35.658056,139.751455,-,営業時間 24時間 / Open for 24 hours
港区,海岸一丁目,-,東京都港区海岸1-2-20,C1-21.汐留ビルディング /?Shiodome Building,35.65697,139.759601,-,営業時間 24時間 / Open for 24 hours
港区,芝四丁目,-,東京都港区芝4-1-17,C1-23.三田いきいきプラザ /?Mita Iki-iki Plaza,35.648752,139.749744,-,営業時間 24時間 / Open for 24 hours
港区,三田一丁目,-,東京都港区三田1-4-28,C1-24.三田国際ビル /?Mita Kokusai Building,35.653656,139.744744,-,営業時間 24時間 / Open for 24 hours
港区,虎ノ門二丁目,虎ノ門,東京都港区虎ノ門2-3-17,C1-27.虎ノ門２丁目タワー / TORANOMON 2-CHOME TOWER,35.668399,139.746721,-,営業時間 24時間 / Open for 24 hours
港区,虎ノ門四丁目,虎ノ門,東京都港区虎ノ門4-3-1,C1-34.城山ガーデン / SHIROYAMA GARDEN,35.664666,139.743327,-,営業時間 24時間 / Open for 24 hours
港区,芝四丁目,-,東京都港区芝4-3-5,C1-35.セブン-イレブン三田駅北店 / Seven-Eleven Mitaekikita,35.649018,139.750285,-,営業時間 24時間 / Open for 24 hours
港区,西新橋三丁目,虎ノ門,東京都港区西新橋3-3-1,C1-37.KDX西新橋ビル（北側）/ KDX Nishi-shimbashi Building(North Side),35.665072,139.750654,-,営業時間 24時間 / Open for 24 hours
港区,西新橋三丁目,虎ノ門,東京都港区西新橋3-3-1,C1-38.KDX西新橋ビル（西側）/ KDX Nishi-shimbashi Building(West Side),35.665072,139.750654,-,営業時間 24時間 / Open for 24 hours
港区,浜松町一丁目,-,東京都港区浜松町1-13-1,C1-41.港区立エコプラザ / Eco Plaza,35.658848,139.756887,-,営業時間 24時間 / Open for 24 hours
港区,芝公園一丁目,-,東京都港区芝公園1-7-6,C1-43.KDX浜松町プレイス / KDX HAMAMATSUCHO PLACE,35.657956,139.752424,-,営業時間 24時間 / Open for 24 hours
港区,三田三丁目,-,東京都港区三田3-11-28,C1-44.三田Avanti / Mita Avanti,35.640961,139.741664,-,営業時間 24時間 / Open for 24 hours
港区,浜松町二丁目,-,東京都港区浜松町2-3-1,C1-45.浜松町クレアタワー? / NIPPON LIFE HAMAMATSUCHO CREA TOWER,35.655981,139.755615,-,営業時間 24時間 / Open for 24 hours
港区,新橋四丁目,虎ノ門広域,東京都港区新橋4-1-1,C1-46.新虎通りCORE / SHINTORA-DORI CORE,35.665397,139.753829,-,営業時間 24時間 / Open for 24 hours
港区,三田三丁目,-,東京都港区三田3-7-31,C1-47.パークプレイス三田 / Park Place Mita,35.641744,139.740531,-,営業時間 24時間 / Open for 24 hours
港区,海岸一丁目,-,東京都港区海岸1-12,C1-48.竹芝客船ターミナル / Takeshiba Passenger Ship Terminal,35.654393,139.762793,-,営業時間 24時間 / Open for 24 hours
港区,東新橋一丁目,虎ノ門広域,東京都港区東新橋1-5-2,C1-49. 汐留シティセンター / Shiodome City Center,35.665353,139.761023,-,営業時間 24時間 / Open for 24 hours
港区,虎ノ門三丁目,虎ノ門,東京都港区虎ノ門3-8-8,C1-50.NTT虎ノ門ビル / NTT Toranomon Bldg.,35.666158,139.747771,-,営業時間 24時間 / Open for 24 hours
港区,新橋四丁目,虎ノ門広域,東京都港区新橋4-21,C1-51.環二新橋四丁目 / Kam-2 Shimbashi 4-chome,35.663992,139.757709,-,営業時間 24時間 / Open for 24 hours
港区,芝三丁目,-,東京都港区芝3-7-1,C1-52.NTT三田ビル / NTT Mita Build.,35.652304,139.747936,-,営業時間 24時間 / Open for 24 hours
港区,新橋六丁目,虎ノ門広域,東京都港区新橋6-20-1,C1-53.ホテルリブマックス新橋 / HOTEL LiVEMAX SHIMBASHI,35.661211,139.754437,-,営業時間 24時間 / Open for 24 hours
港区,虎ノ門三丁目,虎ノ門,東京都港区虎ノ門3-17-1,C1-54. ニッセイ虎ノ門ビル / NIPPON LIFE TORANOMON BUILDING,35.664097,139.746541,-,営業時間 24時間 / Open for 24 hours
港区,新橋一丁目,虎ノ門広域,東京都港区新橋1-1-13,C1-55.アーバンネット内幸町ビル・THE BLOSSOM HIBIYA / Urbannet Uchisaiwaicho Building,35.66913,139.756373,-,営業時間 24時間 / Open for 24 hours
港区,海岸一丁目,-,東京都港区海岸1-13,C1-56.鈴与竹芝ビル / Suzuyo Takeshiba Building,35.65434,139.761943,-,営業時間 24時間 / Open for 24 hours
港区,虎ノ門二丁目,虎ノ門,東京都港区虎ノ門2-10-1,C1-57.虎ノ門ツインビルディング / Toranomon Twin Building,35.66758,139.745016,-,営業時間 24時間 / Open for 24 hours
港区,海岸一丁目,-,東京都港区海岸1-10,C1-58.ウォーターズ竹芝 / WATERS Takeshiba,35.655751,139.762601,-,営業時間 24時間 / Open for 24 hours
港区,芝三丁目,-,東京都港区芝3‐23‐1,C1-59.セレスティン芝三井ビルディング / CELESTINE SHIBA MITSUI Bldg,35.651126,139.748955,-,営業時間 24時間 / Open for 24 hours
港区,芝五丁目,-,東京都港区芝5-26-30,C1-60.専売ビル / Senbai Bldg.,35.647632,139.7453,-,営業時間 24時間 / Open for 24 hours
港区,海岸一丁目,-,東京都港区海岸1-5,C1-61.環三浜松町駅南 / Kam-3 Hamamatsucho Station South,35.653348,139.75751,-,営業時間 24時間 / Open for 24 hours
港区,虎ノ門一丁目,虎ノ門,東京都港区虎ノ門1-3-1,C1-64.東京虎ノ門グローバルスクエア / TOKYO TORANOMON GLOBAL SQUARE,35.669955,139.749535,-,営業時間 / Open 7:30~20:00
港区,海岸一丁目,-,東京都港区海岸1-7-1,C1-65.東京ポートシティ竹芝 / TOKYO PORTCITY TAKESHIBA,35.655248,139.76072,-,営業時間 24時間 / Open for 24 hours
港区,西新橋一丁目,虎ノ門,東京都港区西新橋1-7-14,C1-67.京阪神 虎ノ門ビル / Keihanshin Toranomon Bldg.,35.669194,139.75149,-,営業時間 24時間 / Open for 24 hours
港区,新橋三丁目,虎ノ門広域,東京都港区新橋3-16-15,C1-68.桜田公園 / Sakurada Park,35.665119,139.756487,-,営業時間 24時間 / Open for 24 hours
港区,新橋五丁目,虎ノ門広域,東京都港区新橋5-19-7,C1-69.塩釜公園 / Shiogama Park,35.663078,139.755068,-,営業時間 24時間 / Open for 24 hours
港区,海岸一丁目,-,東京都港区海岸1-4,C1-71.芝商業高校前交差点 / Shiba Shogyo high school front intersection,35.654704,139.758448,-,営業時間 24時間 / Open for 24 hours
港区,芝五丁目,-,東京都港区芝5-34-6,C1-72.新田町ビル / SHIN TAMACHI Bldg.,35.646149,139.746655,-,営業時間 24時間 / Open for 24 hoursこちらは台数制限ﾎﾟｰﾄです｡最大11台までしか返却できません｡11台を超えた場合は他のﾎﾟｰﾄをご利用ください｡
港区,西新橋一丁目,虎ノ門,東京都港区西新橋1-1-19,C1-73.日比谷フォートタワー / HIBIYA FORT TOWER,35.670324,139.752887,-,営業時間 24時間 / Open for 24 hours
港区,芝五丁目,-,東京都港区芝5-36-4,C1-74.札の辻スクエア / Fudanotsuji Square,35.645142,139.744807,-,営業時間 / Open月~土 8:00-22:00日 8:00-22:00
港区,虎ノ門三丁目,虎ノ門,東京都港区虎ノ門3-10-11,C1-75.虎ノ門PFビル / Toranomon PF Bldg.,35.665354,139.747999,-,営業時間 24時間 / Open for 24 hours
港区,海岸一丁目,-,東京都港区海岸1-2,C1-76.浜松町駅北口交通広場(ハマサイト前) / Hamamatsucho Station North Exit Traffic Square(Hamasite),35.657084,139.759138,-,営業時間 24時間 / Open for 24 hours
港区,芝公園四丁目,-,東京都港区芝公園4-8-4,C1-77.芝公園 / Shiba Park,35.655563,139.749111,-,営業時間 24時間 / Open for 24 hours
港区,赤坂一丁目,虎ノ門,東京都港区赤坂1-12-32（六本木1-1寄り）,C2-01.アークヒルズ（アーク森ビル） /?Ark Hills (Ark Mori Tower),35.667094,139.740011,-,営業時間 24時間 / Open for 24 hours
港区,六本木六丁目,六本木,東京都港区六本木6-10-1,C2-02.六本木ヒルズ /?Roppongi Hills,35.660416,139.729248,-,営業時間 24時間 / Open for 24 hours
港区,六本木一丁目,虎ノ門,東京都港区六本木1-4-5,C2-03.アークヒルズサウスタワー /?Ark Hills South Tower,35.665688,139.739419,-,営業時間 24時間 / Open for 24 hours
港区,東麻布二丁目,-,東京都港区東麻布2-16-11,C2-04.飯倉いきいきプラザ /?Iikura Iki-iki Plaza,35.656903,139.740889,-,営業時間 24時間 / Open for 24 hours
港区,南麻布四丁目,-,東京都港区南麻布4-6-7,C2-05.ありすいきいきプラザ / Arisu Iki-iki Plaza,35.651037,139.72741,-,営業時間 24時間 / Open for 24 hours
港区,西麻布二丁目,-,東京都港区西麻布2-9-16,C2-08.ファミリーマート西麻布霞町店 /?Familly Mart Nishi-Azabu Kasumicho Store,35.661777,139.721079,-,営業時間 24時間 / Open for 24 hours
港区,六本木五丁目,六本木,東京都港区六本木5-16-45,C2-09.麻布地区総合支所 / Azabu Regional City Office,35.660642,139.735031,-,営業時間 24時間 / Open for 24 hours
港区,元麻布三丁目,-,東京都港区元麻布3-9,C2-10.元麻布三丁目?/ Motoazabu 3-Chome,35.655914,139.730448,-,営業時間 24時間 / Open for 24 hours
港区,麻布十番四丁目,-,東京都港区麻布十番4-3-1,C2-11.一の橋 / Ichinohashi,35.654365,139.737275,-,営業時間 24時間 / Open for 24 hours
港区,六本木一丁目,虎ノ門,東京都港区六本木1-9-9,C2-12.六本木ファーストビル / Roppongi First Building,35.663344,139.741089,-,営業時間 24時間 / Open for 24 hours
港区,南麻布五丁目,-,東京都港区南麻布5-6-33,C2-13.麻布運動場 / Azabu Sports Field,35.65242,139.727721,-,営業時間 24時間 / Open for 24 hours
港区,元麻布一丁目,-,東京都港区元麻布1-3-1,C2-14.元麻布ヒルズ / MOTOAZABU HILLS,35.653684,139.732034,-,営業時間 24時間 / Open for 24 hours
港区,六本木三丁目,六本木,東京都港区六本木3-2-1,C2-15.住友不動産六本木グランドタワー / SUMITOMO FUDOSAN ROPPONGI GRAND TOWER,35.6646,139.737742,-,営業時間 24時間 / Open for 24 hours
港区,東麻布一丁目,-,東京都港区東麻布1-8-4,C2-16.ザ・ベルグレイヴィア麻布?/ THE BELGRAVIA AZABU,35.6571,139.743502,-,営業時間 24時間 / Open for 24 hours
港区,六本木七丁目,六本木,東京都港区六本木7-3-24,C2-17.goodoffice ROPPONGI,35.665944,139.727676,休止中（2023年2月時点）,営業時間 24時間 / Open for 24 hours
港区,東麻布一丁目,-,東京都港区東麻布1-15-11,C2-18.ブランシェ東麻布 / Branche Higashiazabu,35.656673,139.743153,-,営業時間 24時間 / Open for 24 hours
港区,南麻布四丁目,-,東京都港区南麻布4-57-25,C2-19.広尾駅 / Hiroo Station,35.649176,139.72376,-,営業時間 24時間 / Open for 24 hours
港区,六本木三丁目,六本木,東京都港区六本木3-15-17,C2-20.三井ガーデンホテル六本木プレミア /? Mitsui Garden Hotel Roppongi Tokyo Premier,35.662097,139.735789,-,営業時間 24時間 / Open for 24 hours
港区,東麻布一丁目,-,東京都港区東麻布1-21-8,C2-22.飯倉公園 / Iikura Park,35.65579,139.743725,-,営業時間 24時間 / Open for 24 hours
港区,東麻布一丁目,-,東京都港区東麻布1-27-7,C2-24.intheHood 東麻布 / intheHood Higashi Azabu,35.655159,139.744552,-,営業時間 24時間 / Open for 24 hours
港区,六本木三丁目,六本木,東京都港区六本木3-18-6,C2-25.アパホテル&リゾート＜六本木駅東＞/ APA HOTELS&RESORTS -ROPPONGI EKI HIGASHI-,35.661601,139.73766,-,営業時間 24時間 / Open for 24 hours
港区,赤坂四丁目,赤坂,東京都港区赤坂4-18-13,C3-02.赤坂地区総合支所 /?Akasaka Regional City Office,35.674748,139.731647,-,営業時間 24時間 / Open for 24 hours
港区,赤坂八丁目,赤坂,東京都港区赤坂8-10-32,C3-06.ホテルアジア会館 /?Hotel Asia Center of Japan,35.670493,139.72807,-,営業時間 24時間 / Open for 24 hours
港区,南青山一丁目,-,東京都港区南青山1-1-1,C3-07.新青山ビル /?Shin-Aoyama Building,35.672696,139.725437,-,営業時間 24時間 / Open for 24 hours
港区,赤坂五丁目,赤坂,東京都港区赤坂5-2-20,C3-08.赤坂パークビルヂング /?Akasaka Park Building,35.67276,139.733369,-,営業時間 24時間 / Open for 24 hours
港区,赤坂一丁目,虎ノ門,東京都港区赤坂1-3-9,C3-10.ファミリーマート特許庁前店 /?FamilyMart Tokkyocho Mae Store,35.670321,139.744635,-,営業時間 24時間 / Open for 24 hours
港区,赤坂三丁目,赤坂,東京都港区赤坂3-8-1,C3-11.赤坂見附南 / South side of Akasakamitsuke,35.676512,139.736966,-,営業時間 24時間 / Open for 24 hours
港区,元赤坂一丁目,赤坂,東京都港区元赤坂1-3-13,C3-12.赤坂センタービルディング前（青山通り）/ Akasaka Center Building Mae(Aoyama-dori),35.67694,139.733578,-,営業時間 24時間 / Open for 24 hours
港区,赤坂四丁目,赤坂,東京都港区赤坂4-15-1,C3-16.赤坂ガーデンシティ / Akasaka Garden City,35.674043,139.731408,-,営業時間 24時間 / Open for 24 hours
港区,赤坂一丁目,虎ノ門,東京都港区赤坂1-4-41,C3-17.セブン-イレブン 港区溜池山王店 / Seven-Eleven Minatoku Tameikesanno store,35.670219,139.743524,-,営業時間 24時間 / Open for 24 hours
港区,元赤坂二丁目,-,東京都港区元赤坂2-2-23,C3-18.明治記念館 / Meijikinenkan,35.677948,139.721879,-,営業時間 / Open 7:00-21:00
港区,元赤坂二丁目,-,東京都港区元赤坂2-2-23,C3-19.明治記念館西 / Meijikinenkan West,35.677948,139.721879,-,営業時間 24時間 / Open for 24 hours
港区,赤坂四丁目,赤坂,東京都港区赤坂4-3-2,C3-22.OMO3東京赤坂 by 星野リゾート / OMO3 Tokyo Akasaka by Hoshino Resorts,35.675001,139.735961,-,営業時間 24時間 / Open for 24 hours
港区,南青山一丁目,-,東京都港区南青山1-12-32,C3-23.LIFORK 南青山 北エントランス / LIFORK MINAMI AOYAMA North entrance,35.668643,139.724687,-,営業時間 24時間 / Open for 24 hours
港区,南青山一丁目,-,東京都港区南青山1-12-32,C3-24.SHARE GREEN 南青山 西エントランス / SHARE GREEN MINAMI AOYAMA West entrance,35.668643,139.724687,-,営業時間 24時間 / Open for 24 hours
港区,赤坂七丁目,赤坂,東京都港区赤坂7-9-4,C3-26. ホテルリブマックス赤坂 / HOTEL LiVEMAX AKASAKA,35.670074,139.733297,-,営業時間 24時間 / Open for 24 hours
港区,北青山二丁目,-,東京都港区北青山2-14-4,C3-27.the ARGYLE aoyama,35.669668,139.715799,-,営業時間 24時間 / Open for 24 hours
港区,赤坂二丁目,赤坂,東京都港区赤坂2-5-8,C3-28.ヒューリックＪＰ赤坂ビル / ＨＵＬＩＣ ＪＰAkasaka Bldg.,35.672474,139.739888,-,営業時間 24時間 / Open for 24 hours
港区,赤坂七丁目,赤坂,東京都港区赤坂7-3-39,C3-29.高橋是清翁記念公園 / Takahashi Korekiyo Memorial Park,35.673918,139.729061,-,営業時間 24時間 / Open for 24 hours
港区,赤坂二丁目,赤坂,東京都港区赤坂2-6-17,C3-30.東京赤坂NKビル (ヴィアインプライム赤坂) / C3-30.Tokyo Akasaka NK Bldg. (VIA INN Prime Akasaka),35.672587,139.738937,-,営業時間 24時間 / Open for 24 hours
港区,赤坂一丁目,虎ノ門,東京都港区赤坂1-4-7,C3-31.赤坂一丁目 / 1 Akasaka,35.670226,139.744296,-,営業時間 24時間 / Open for 24 hours
港区,赤坂八丁目,赤坂,東京都港区赤坂8-11-32,C3-32.乃木公園 / Nogi Park,35.668466,139.727463,-,営業時間 24時間 / Open for 24 hours
港区,南青山三丁目,-,東京都港区南青山3-1-30,C3-33.PASONA SQUARE,35.66774,139.715798,-,営業時間 24時間 / Open for 24 hours
港区,高輪一丁目,-,東京都港区高輪1-6-25,C4-01.高輪地区総合支所（5F） / Takanawa Regional City Office(5F),35.642271,139.735445,-,営業時間 24時間 / Open for 24 hours
港区,白金台四丁目,-,東京都港区白金台4-8-5,C4-02.白金台いきいきプラザ / ?Shirokanedai Iki-iki Plaza,35.637727,139.724952,-,営業時間 24時間 / Open for 24 hours
港区,高輪二丁目,-,東京都港区高輪2-3-23,C4-03.東海大学 高輪キャンパス / TOKAI UNIVERCITY Takanawa Campus,35.637919,139.734559,休止中（2023年2月時点）,営業時間 / Open月~金 / Mon.-Fri. 7:00-22:00土･日･祝 / Sat. Sun. & Holiday : Closed
港区,高輪三丁目,-,東京都港区高輪3-9,C4-04.ショパン高輪 / Chopin Takanawa,35.632309,139.731813,-,営業時間 24時間 / Open for 24 hours
港区,白金台四丁目,-,東京都港区白金台4-6-2,C4-05.白金台駅自転車駐車場 / Shirokanedai Station bicycle parking,35.639391,139.726366,-,営業時間 / Open 4:30-25:30(深夜1:30)
港区,白金六丁目,-,東京都港区白金6-3-15,C4-06.白金プラチナレジデンス / SHIROKANE PLATINUM RESIDENCE,35.644104,139.723344,-,営業時間 24時間 / Open for 24 hours
港区,高輪四丁目,-,東京都港区高輪4-10-30,C4-07.品川プリンスホテル / Shinagawa Prince Hotel,35.627884,139.73521,-,営業時間 24時間 / Open for 24 hours
港区,高輪三丁目,-,東京都港区高輪3-4-4,C4-08.高輪三丁目 / Takanawa 3-chome,35.634894,139.731946,休止中（2023年2月時点）,営業時間 / Open 3:00 - 23:00
港区,三田四丁目,-,東京都港区三田4-2-20,C4-09.ケーヨーデイツー三田店 / Keiyo D2 MITA,35.646104,139.740342,-,営業時間 24時間 / Open for 24 hours
港区,三田四丁目,-,東京都港区三田4-16-20,C4-10.亀塚公園 / Kamezuka Park,35.643774,139.740784,-,営業時間 24時間 / Open for 24 hours
港区,三田五丁目,-,東京都港区三田5-2-29,C4-11.ザ・パークハウス 三田ガーデン / The Parkhouse Mita Garden,35.647674,139.738098,-,営業時間 24時間 / Open for 24 hours
港区,高輪二丁目,-,東京都港区高輪2-21,C4-12.高輪ゲートウェイ駅前 / Takanawa Gateway Station,35.634786,139.73952,-,営業時間 24時間 / Open for 24 hours
港区,高輪二丁目,-,東京都港区高輪2-16-34,C4-13.コシダコネクトビル / Koshida Connect Bldg.,35.637874,139.739064,-,営業時間 24時間 / Open for 24 hours
港区,港南一丁目,-,東京都港区港南1-9-24,C5-01.こうなん星の公園 /?Konan-Hoshino Park,35.629715,139.742604,-,営業時間 24時間 / Open for 24 hours
港区,港南四丁目,-,東京都港区港南4-7-47,C5-02.港南緑水公園 /?Konan-Ryokusui Park,35.628068,139.750564,-,営業時間 24時間 / Open for 24 hours
港区,港南四丁目,-,東京都港区港南4-5-3,C5-03.港南公園C /?Konan Park,35.626501,139.746487,-,営業時間 24時間 / Open for 24 hours
港区,芝浦一丁目,-,東京都港区芝浦1-16-1,C5-04.みなとパーク芝浦 /?Minato Park Shibaura,35.646616,139.751444,-,営業時間 24時間 / Open for 24 hours
港区,港南一丁目,-,東京都港区港南1-2-70,C5-06.品川シーズンテラス /?SHINAGAWA SEASON TERRACE,35.632573,139.74249,-,営業時間 24時間 / Open for 24 hours
港区,港南三丁目,-,東京都港区港南3-3-17,C5-07.港区立港南図書館 /?Minato City Konan Library,35.632956,139.749564,-,営業時間 24時間 / Open for 24 hours
港区,芝浦四丁目,-,東京都港区芝浦4-16-23,C5-08.AQUACITY芝浦 /?AQUACITY Shibaura,35.637114,139.748492,-,営業時間 24時間 / Open for 24 hours
港区,芝浦三丁目,-,東京都港区芝浦3-4-1,C5-09.グランパーク /?Granpark,35.643672,139.745556,-,営業時間 24時間 / Open for 24 hours
港区,芝浦一丁目,-,東京都港区芝浦1-2-3,C5-10.シーバンス / SEAVANS,35.649313,139.756096,-,営業時間 24時間 / Open for 24 hours
港区,港南三丁目,-,東京都港区港南3-7-16,C5-11.フェイバリッチタワー品川 / Favorich Tower Shinagawa,35.631801,139.749308,-,営業時間 24時間 / Open for 24 hours
港区,港南三丁目,-,東京都港区港南3-4-27,C5-12.第２東運ビル / NO.2 TOUN BUILDING (WAREHOUSE Konan),35.633923,139.74862,-,営業時間 24時間 / Open for 24 hours
港区,芝浦四丁目,-,東京都港区芝浦4-19,C5-13.区立芝浦西運河沿緑地 / Green Zone along the Shibaura-nishi Canal,35.638522,139.749775,-,営業時間 24時間 / Open for 24 hours
港区,海岸三丁目,-,東京都港区海岸3-3-20,C5-14.セブン-イレブン 港区汐彩橋店 / Sevev-Eleven Minato Shiosaibashi store,35.640575,139.753572,-,営業時間 24時間 / Open for 24 hours
港区,海岸三丁目,-,東京都港区海岸3-12-7,C5-15.セブン-イレブン 港区芝浦ふ頭店 / Sevev-Eleven Minato?Shibautafuto store,35.640228,139.755905,-,営業時間 24時間 / Open for 24 hours
港区,港南二丁目,-,東京都港区港南2-15-1,C5-16.品川インターシティ /?SHINAGAWA INTERCITY,35.627832,139.74207,-,営業時間 24時間 / Open for 24 hours
港区,海岸二丁目,-,東京都港区海岸2-1-16,C5-17.鈴与浜松町ビル / Suzuyo Hamamatsucho Building,35.65089,139.758882,-,営業時間 24時間 / Open for 24 hours
港区,港南三丁目,-,東京都港区港南3-5-10,C5-18.パークタワー品川ベイワード / Park Tower Shinagawa Bayward,35.634059,139.748031,-,営業時間 24時間 / Open for 24 hours
港区,芝浦二丁目,-,東京都港区芝浦2-1-39,C5-19.グランドメゾン田町 / GRANDE　MAISON TAMACHI,35.645966,139.754591,-,営業時間 24時間 / Open for 24 hours
港区,芝浦二丁目,-,東京都港区芝浦2-4-1,C5-20.ローソン芝浦二丁目店 / LAWSON Shibaura 2-chome shop,35.64528,139.754588,-,営業時間 24時間 / Open for 24 hours
港区,芝浦三丁目,-,東京都港区芝浦3-14-15,C5-21.セブン-イレブン 芝浦3丁目店 / Seven-Eleven Shibaura 3chome Store,35.642436,139.746997,-,営業時間 24時間 / Open for 24 hours
港区,芝浦一丁目,-,東京都港区芝浦1-6-41,C5-24.GLOBAL FRONT TOWER,35.647488,139.75531,-,営業時間 24時間 / Open for 24 hours国道130号から､ﾌｫﾙｸｽﾜｰｹﾞﾝ東京深川店(仮店舗)と東京電力南浜橋変電所の間を入ります｡GLOBAL FRONT TOWER 敷地内に入り建物が見えたら1階の軒下にﾎﾟｰﾄがあります｡
港区,海岸三丁目,-,東京都港区海岸3-11-15,C5-25.NEX-TEC芝浦 / NEX-TEC Shibaura,35.63965,139.75533,-,営業時間 24時間 / Open for 24 hours
港区,海岸三丁目,-,東京都港区海岸3-18-1,C5-26.ピアシティ芝浦ビル / PIRE CITY SHIBAURA BUILDING,35.644699,139.756543,-,営業時間 24時間 / Open for 24 hours
港区,海岸二丁目,-,東京都港区海岸2-2-6,C5-27.プレミア海岸ビル / Premier Kaigan Bldg,35.648635,139.757715,-,営業時間 24時間 / Open for 24 hours
港区,芝浦三丁目,-,東京都港区芝浦3-9-1,C5-28.芝浦ルネサイトタワー / Shibaura Renasite Tower,35.643663,139.750336,-,営業時間 24時間 / Open for 24 hours
港区,海岸二丁目,-,東京都港区海岸2-7-103,C5-29.Hi-NODE（ハイノード）,35.651729,139.760768,-,営業時間 24時間 / Open for 24 hours
港区,芝浦一丁目,-,東京都港区芝浦1-10-1,C5-30.フェイム芝浦インターウェーブ / FAIME SHIBAURA INTERWAVE,35.64786,139.753724,-,営業時間 24時間 / Open for 24 hours
港区,台場一丁目,-,東京都港区台場1-9-1,C5-31.ヒルトン東京お台場 / Hilton Tokyo Odaiba,35.626377,139.770565,-,営業時間 24時間 / Open for 24 hours
港区,台場二丁目,-,東京都港区台場2-3-1,C5-32.トレードピアお台場 / TRADEPIA ODAIBA,35.627924,139.776351,-,営業時間 24時間 / Open for 24 hours
港区,芝浦三丁目,-,東京都港区芝浦3‐1‐21,C5-33.msb Tamachi,35.644908,139.749225,-,営業時間 24時間 / Open for 24 hours
港区,海岸三丁目,-,東京都港区海岸3-5-13,"C5-34.五色橋ビル /
GOSHIKIBASHI BLDG.",35.636539,139.751591,-,営業時間 24時間 / Open for 24 hours
港区,港南二丁目,-,東京都港区港南2-16-1,C5-35.品川駅港南口 / Shinagawa Station Konan Exit,35.627804,139.740757,-,営業時間 24時間 / Open for 24 hours
港区,台場一丁目,-,東京都港区台場1-5,C5-36.お台場海浜公園駅 /?Odaiba Kaihin Park Station,35.629949,139.777814,-,営業時間 24時間 / Open for 24 hours
港区,台場二丁目,-,東京都港区台場2-6,C5-37.台場駅 /?Daiba Station,35.624458,139.771021,-,営業時間 24時間 / Open for 24 hours
港区,台場一丁目,-,東京都港区台場1-4-1,C5-38.お台場海浜公園乗船場 / Odaiba Marine Park Water Bus Terminal,35.628866,139.77369,-,営業時間 24時間 / Open for 24 hours
港区,台場一丁目,-,東京都港区台場1-5-5,C5-39.お台場海浜公園東 / Odaiba Marine Park East,35.630566,139.777984,-,営業時間 24時間 / Open for 24 hours
港区,海岸三丁目,-,東京都港区海岸3-22,C5-40.芝浦ふ頭駅前暫定自転車駐車場 / Shibaura-futo Station Provisional bicycle parking,35.640578,139.757335,-,営業時間 24時間 / Open for 24 hours
港区,芝浦四丁目,-,東京都港区芝浦4-8-3,C5-41.トヨタモビリティ東京 芝浦店 / Toyota Mobility Tokyo - SHIBAURA,35.638883,139.745881,-,営業時間 24時間 / Open for 24 hours
港区,芝浦二丁目,-,東京都港区芝浦2-7-1,C5-42.DHC芝浦2丁目ビル / DHC Shibaura 2-chome Building,35.644308,139.754113,-,営業時間 24時間 / Open for 24 hours
港区,芝浦二丁目,-,東京都港区芝浦2-15-6,C5-43.オアーゼ芝浦MJビル / OASE SHIBAURA MJ Bldg.,35.644405,139.752677,-,営業時間 24時間 / Open for 24 hours
港区,芝浦二丁目,-,東京都港区芝浦2-9-1,C5-44.ブランズタワー芝浦 / BRANZ TOWER SHIBAURA,35.643419,139.753027,-,営業時間 24時間 / Open for 24 hours
港区,海岸三丁目,-,東京都港区海岸3-2-3,C5-45.パークアクシス芝浦キャナル / Park Axis Shibaura Canal,35.644709,139.755744,-,営業時間 24時間 / Open for 24 hours
港区,港南四丁目,-,東京都港区港南4-1-6,C5-46.ウエリスアーバン品川タワー / Wellith Urban Shinagawa Tower,35.631252,139.746881,-,営業時間 24時間 / Open for 24 hours
港区,港南二丁目,-,東京都港区港南2-10-9,C5-47.oak港南品川 / oak Konan Shinagawa,35.624245,139.744546,-,営業時間 24時間 / Open for 24 hours
新宿区,新宿一丁目,-,東京都新宿区新宿1-32,D1-01.花園西公園 / Hanazono Nishi Park,35.690643,139.711985,-,営業時間 24時間 / Open for 24 hours
新宿区,内藤町,-,東京都新宿区内藤町87,D1-02.四谷特別出張所 / Yotsuya Special District Office,35.687574,139.714421,-,営業時間 24時間 / Open for 24 hours
新宿区,左門町,-,東京都新宿区左門町19,D1-03.新左門児童遊園 / Shin-samon Children's Playground,35.684722,139.720801,-,営業時間 24時間 / Open for 24 hours
新宿区,四谷一丁目,-,東京都新宿区四谷1-12,D1-04.四谷見附公園 / Yotsuya Mitsuke Park,35.6841,139.728606,-,営業時間 24時間 / Open for 24 hours
新宿区,大京町,-,東京都新宿区大京町29,D1-06.四谷第六小学校北 / Yotsuya Dairoku Elementary School North,35.682244,139.715618,-,営業時間 24時間 / Open for 24 hours
新宿区,新宿一丁目,-,東京都新宿区新宿1-15-5,D1-07.Belle ビル / Belle Building,35.689763,139.710151,-,営業時間 24時間 / Open for 24 hours
新宿区,四谷三栄町,-,東京都新宿区四谷三栄町12-16,D1-08.新宿歴史博物館 / Shinjuku Historical Museum,35.689949,139.725875,-,"営業時間 / Open 9:30-17:30休館日は第2・第4月曜日(休日にあたる場合は、その翌日)、年末年始12月29日〜1月3日詳細については、以下のURLからご確認をお願いいたします。Closed days : 2nd Monday, 4th Monday (If a national holiday falls on a Monday, the museum will be closed on the following Tuesday as well.)https://www.regasu-sh"
新宿区,新宿一丁目,-,東京都新宿区新宿1-33-13,D1-09.NTT四谷ビル / NTT Yotsuya Building,35.690965,139.712071,-,営業時間 24時間 / Open for 24 hours
新宿区,片町,-,東京都新宿区片町4-9,D1-10.曙橋駐輪場 / Akebonobashi Cycle Port,35.691841,139.724375,-,営業時間 24時間 / Open for 24 hours
新宿区,霞ヶ丘町,-,東京都新宿区霞ヶ丘町11-3,D1-11.三井ガーデンホテル神宮外苑の杜プレミア / Mitsui Garden Hotel Jingugaien Tokyo Premier,35.680042,139.715562,-,営業時間 24時間 / Open for 24 hours
新宿区,四谷四丁目,-,東京都新宿区四谷4-30-21,D1-12.ジェノヴィア新宿御苑グリーンヴェール / GENOVIA Shinjuku Gyoen green veil,35.689002,139.714604,-,営業時間 24時間 / Open for 24 hours
新宿区,内藤町,-,東京都新宿区内藤町11番地,D1-13.新宿御苑新宿門【西側】/ Shinjuku Gyoen National Garden Shinjuku Gate【West Side】,35.685597,139.708246,-,営業時間 24時間 / Open for 24 hours
新宿区,四谷一丁目,-,東京都新宿区四谷1-6-1,D1-14.コモレ四谷 / CO・MO・RE YOTSUYA,35.6874,139.729236,-,営業時間 24時間 / Open for 24 hours
新宿区,四谷三丁目,-,東京都新宿区四谷3-12,D1-15.フロンティア四谷 / Frontier Yotsuya,35.68755,139.719621,-,営業時間 24時間 / Open for 24 hours
新宿区,新宿一丁目,-,東京都新宿区新宿1-30-16,D1-16.ルネ新宿御苑タワー / Rune Shinjuku Gyoen Tower,35.69011,139.712918,-,営業時間 24時間 / Open for 24 hours
新宿区,津久戸町,-,東京都新宿区津久戸町1-2,D2-01.あずさセンタービル（軽子坂通り）/ Azusa Center Building （Karukozaka Street）,35.702379,139.741459,-,営業時間 24時間 / Open for 24 hours
新宿区,神楽河岸,-,東京都新宿区神楽河岸1-1先,D2-06.飯田濠 / Iidabori,35.700954,139.743573,-,営業時間 24時間 / Open for 24 hours
新宿区,東五軒町,-,東京都新宿区東五軒町5-19,D2-07.ファミリーマート東五軒町店 / FamilyMart Higashigokencho shop,35.706906,139.739795,-,営業時間 24時間 / Open for 24 hours
新宿区,矢来町,-,東京都新宿区矢来町6番地,D2-08.旧市ヶ谷商業高校 / Former Ichigaya Commercial High Schoo,35.70022,139.730891,-,営業時間 24時間 / Open for 24 hours
新宿区,岩戸町,-,東京都新宿区岩戸町11番地,D2-09.セブン-イレブン 新宿岩戸町店 / Seven-Eleven Shinjuku Iwato-cho store,35.700887,139.736476,-,営業時間 24時間 / Open for 24 hours
新宿区,市谷砂土原町三丁目,-,東京都新宿区市谷砂土原町3-4-1,D2-10.市谷砂土原町3丁目 / Ichigaya Sadohara 3-Chome,35.696224,139.735868,-,営業時間 24時間 / Open for 24 hours
新宿区,神楽坂五丁目,-,東京都新宿区神楽坂5-20-5,D2-11.神楽坂アインスタワー / KAGURAZAKA EINS TOWER,35.702534,139.73919,-,営業時間 24時間 / Open for 24 hours
新宿区,新小川町,-,東京都新宿区新小川町4-11,D2-12.ヴィアイン飯田橋後楽園 / VIA INN Iidabashi Korakuen,35.705554,139.742915,-,営業時間 24時間 / Open for 24 hours
新宿区,市谷本村町,-,東京都新宿区市谷本村町7-4,D2-13.THE CENTER TOKYO,35.695143,139.72523,-,営業時間 24時間 / Open for 24 hours
新宿区,赤城元町,-,東京都新宿区赤城元町2-1,D2-14.ローソン神楽坂駅北店 /?LAWSON Kagurazaka Station North Shop,35.704254,139.735821,-,営業時間 24時間 / Open for 24 hours
新宿区,細工町,-,東京都新宿区細工町1-17,D2-15.ロードス神楽坂ホテル / RHODES KAGURAZAKA HOTEL,35.698876,139.73333,-,営業時間 24時間 / Open for 24 hours
新宿区,市谷本村町,-,東京都新宿区市谷本村町2-1クイーポビル,D2-17.genten市ヶ谷店 / genten Ichigaya store,35.690788,139.732527,-,営業時間 24時間 / Open for 24 hours
新宿区,西早稲田三丁目,-,東京都新宿区西早稲田3-5,D3-03.甘泉園公園 / Kansenen Park,35.711608,139.716011,-,営業時間 24時間 / Open for 24 hours
新宿区,早稲田町,-,東京都新宿区早稲田町78,D3-04.鶴巻南公園 / Tsurumaki-Minami Park,35.706103,139.723397,-,営業時間 24時間 / Open for 24 hours
新宿区,高田馬場三丁目,-,東京都新宿区高田馬場3-18-10,D3-06.セブン-イレブン 高田馬場3丁目中央店 / Seven-Eleven Takadanobaba 3-Chome Chuo store,35.713918,139.69831,-,営業時間 24時間 / Open for 24 hours
新宿区,高田馬場二丁目,-,東京都新宿区高田馬場 2-18-1,D3-07.戸塚特別出張所 / Totsuka Special District Office,35.714404,139.705095,-,営業時間 24時間 / Open for 24 hours
新宿区,高田馬場四丁目,-,東京都新宿区高田馬場4-12-5,D3-08.ホテルリブマックス高田馬場駅前 / HOTEL LiVEMAX TAKADANOBABA-EKIMAE,35.713002,139.701421,-,営業時間 24時間 / Open for 24 hours
新宿区,西早稲田三丁目,-,東京都新宿区西早稲田3-17-37,D3-09.西早稲田3丁目 / INishi-Waseda 3-Chome,35.712452,139.713156,-,営業時間 24時間 / Open for 24 hours
新宿区,天神町,-,東京都新宿区天神町65-18,D3-13.ダーウィン神楽坂 /? Darwin Kagurazaka,35.705348,139.729977,-,営業時間 24時間 / Open for 24 hours
新宿区,高田馬場四丁目,-,東京都新宿区高田馬場4-15-1,D3-14.コーシャハイム高田馬場 / Kosha Heim Takadanobaba,35.712135,139.701257,-,営業時間 24時間 / Open for 24 hours
新宿区,西早稲田三丁目,-,東京都新宿区西早稲田3-20-24,D3-15.カースルいずみ / Castle Izumi,35.711226,139.711901,-,営業時間 24時間 / Open for 24 hours
新宿区,市谷仲之町,-,東京都新宿区市谷仲之町3-36,D4-01.市谷仲之町 / Ichigaya Nakanocho,35.695004,139.723217,-,営業時間 24時間 / Open for 24 hours
新宿区,市谷本村町,-,東京都新宿区市谷本村町10-5,D4-02.JICA市ヶ谷ビル（地球ひろば/研究所）/ JICA Ichigaya Building（Global Plaza/Research Institute）,35.694493,139.731247,-,営業時間 24時間 / Open for 24 hours
新宿区,市谷加賀町二丁目,-,東京都新宿区市谷加賀町2-3-2,D4-03.市谷加賀町2丁目/ Ichigaya Kagacho 2-Chome,35.695715,139.727941,-,営業時間 24時間 / Open for 24 hours
新宿区,若松町,-,東京都新宿区若松町31-5,D4-04.ジェノヴィア新宿早稲田グリーンヴェール / GENOVIA Shinjuku Waseda green veil,35.699981,139.719845,-,営業時間 24時間 / Open for 24 hours
新宿区,新宿七丁目,-,東京都新宿区新宿7-17-16,D4-05.カスタリア新宿7丁目 / CASTALIA Shinjuku 7-chome,35.700626,139.711404,-,営業時間 24時間 / Open for 24 hours
新宿区,河田町,-,東京都新宿区河田町7-12,D4-06.グリーンフォート河田 / Green Fort Kawada,35.697054,139.718725,-,営業時間 24時間 / Open for 24 hours
新宿区,余丁町,-,東京都新宿区余丁町10-10,D4-07. 新宿余丁町ビル / Shinjuku Yochomachi Bldg.,35.698351,139.716364,-,営業時間 24時間 / Open for 24 hours
新宿区,市谷仲之町,-,東京都新宿区市谷仲之町4-27,D4-09.トミンハイム仲之町 / Tomin Heim Nakanomachi,35.696191,139.722614,-,営業時間 24時間 / Open for 24 hours
新宿区,余丁町,-,東京都新宿区余丁町6-13,D4-10.東新宿ポート（余丁町6番）/ Higashi-Shinjuku Port,35.696608,139.713165,-,営業時間 24時間 / Open for 24 hours
新宿区,大久保三丁目,-,東京都新宿区大久保3-1-2,D5-01.新宿コズミックセンター / Shinjuku Cosmic Center,35.70498,139.708079,-,営業時間 24時間 / Open for 24 hours
新宿区,北新宿三丁目,-,東京都新宿区北新宿3-20,D5-03.北新宿公園 / Kita-Shinjuku Park,35.70265,139.689558,-,営業時間 24時間 / Open for 24 hours
新宿区,百人町四丁目,-,東京都新宿区百人町4-1,D5-04.西戸山公園野球場 /?Nishi-Toyama Baseball Ground,35.707488,139.700885,-,営業時間 24時間 / Open for 24 hours
新宿区,大久保三丁目,-,東京都新宿区大久保3-1-1,D5-05.中央図書館 / Chuo Library,35.705208,139.70722,-,"営業時間 / Open火~土 / Tue.-Sat. 9:00-21:45日･祝 / Sun. Holiday 9:00-18:00休館日については以下のURLからご確認お願いします｡Regarding closing day, please refer to the following web site.https://www.library.shinjuku.tokyo.jp/"
新宿区,百人町一丁目,-,東京都新宿区百人町1-23-24,D5-07.セブン-イレブン 新宿大久保駅南口店 / Seven-Eleven Shinjuku Okubo Station South Exit store,35.699267,139.697524,-,営業時間 24時間 / Open for 24 hours
新宿区,大久保三丁目,-,東京都新宿区大久保3-170-316,D5-08. ウエリス新宿早稲田の森 / Wellith Shinjuku Waseda no Mori,35.707861,139.708323,-,営業時間 24時間 / Open for 24 hours
新宿区,百人町二丁目,-,東京都新宿区百人町2-2-32,D5-09.ハウジングステージ新宿 / HousingStage Shinjuku,35.703072,139.70171,-,営業時間 24時間 / Open for 24 hours
新宿区,百人町三丁目,-,東京都新宿区百人町3-23-1,D5-10.桜美林大学 新宿キャンパス /J. F. Oberlin University Shinjuku campus,35.705575,139.697952,-,営業時間 / Open 7:00-23:00
新宿区,北新宿一丁目,-,東京都新宿区北新宿1-5-1,D5-11.NTTコミュニケーションズ新宿ビル / NTT Communications Shinjuku Build,35.699584,139.695788,-,営業時間 24時間 / Open for 24 hours
新宿区,歌舞伎町一丁目,-,東京都新宿区歌舞伎町1-4-1,D6-01.新宿区役所本庁舎 / Shinjuku City Office Main Bldg.,35.69389,139.703463,-,営業時間 24時間 / Open for 24 hours
新宿区,新宿五丁目,-,東京都新宿区新宿5-18-21,D6-02.新宿区役所第二分庁舎 / Shinjuku City Office Annex 2,35.693904,139.705677,-,営業時間 24時間 / Open for 24 hours
新宿区,西新宿二丁目,-,東京都新宿区西新宿2-11,D6-03.新宿中央公園（ポケットパーク）/ Shinjuku Central Park (Pocket Park),35.690793,139.687412,-,営業時間 24時間 / Open for 24 hours
新宿区,西新宿二丁目,-,東京都新宿区西新宿2-11,D6-04.新宿中央公園（ちびっこ広場）/Shinjuku Central Park (Playground),35.690793,139.687412,-,営業時間 24時間 / Open for 24 hours
新宿区,西新宿二丁目,-,東京都新宿区西新宿2-11,D6-05.新宿中央公園（水の広場）/ Shinjuku Central Park (Water Plaza),35.690793,139.687412,-,営業時間 24時間 / Open for 24 hours
新宿区,西新宿二丁目,-,東京都新宿区西新宿2-11,D6-06.新宿中央公園（エコギャラリー下）/ Shinjuku Central Park (Eco Gallery),35.690793,139.687412,-,営業時間 24時間 / Open for 24 hours
新宿区,北新宿二丁目,-,東京都新宿区北新宿2-21-1,D6-07.新宿フロントタワー / Shinjuku Front Tower,35.69599,139.689369,-,営業時間 24時間 / Open for 24 hours
新宿区,新宿六丁目,-,東京都新宿区新宿6-27-30,D6-08.新宿イーストサイドスクエア / Shinjuku Eastside Square,35.696798,139.708573,-,営業時間 24時間 / Open for 24 hours
新宿区,新宿五丁目,-,東京都新宿区新宿5-15-8,D6-10.ホテルサンライト新宿 / Hotel　SunLite Shinjuku,35.694132,139.707224,-,営業時間 24時間 / Open for 24 hours
新宿区,新宿五丁目,-,東京都新宿区新宿5-3-20,D6-11.ホテルリステル新宿 / HOTEL LISTEL SHINJUKU,35.692885,139.711362,-,営業時間 24時間 / Open for 24 hours
新宿区,新宿六丁目,-,東京都新宿区新宿6-3-2,D6-12.東京ビジネスホテル / Tokyo　Business Hotel,35.693582,139.710485,-,営業時間 24時間 / Open for 24 hours
新宿区,西新宿二丁目,-,東京都新宿区西新宿2-11,D6-13.新宿中央公園（ジャブジャブ池下）/ Shinjuku Central Park (Water Play Pool),35.690793,139.687412,-,営業時間 24時間 / Open for 24 hours
新宿区,西新宿一丁目,-,東京都新宿区西新宿1-23-7,D6-14.新宿ファーストウエスト / Shinjuku First West Building,35.689701,139.695572,-,営業時間 24時間 / Open for 24 hours
新宿区,西新宿七丁目,-,東京都新宿区西新宿7-20-1,D6-15.住友不動産西新宿ビル / Sumitomo Realty & Development Nishishinjuku Building,35.694317,139.695866,-,営業時間 24時間 / Open for 24 hours
新宿区,山吹町,-,東京都新宿区山吹町362,D3-16.セジョリ江戸川橋 / C’est joli edogawabashi,35.708762,139.730576,-,営業時間 24時間 / Open for 24 hours
新宿区,西新宿一丁目,-,東京都新宿区西新宿1-10-1,D6-18. ヨドバシカメラ 新宿西口本店前 / Yodobashi Camera Shinjuku West Main Store,35.689849,139.698394,-,営業時間 24時間 / Open for 24 hours
新宿区,西新宿五丁目,-,東京都新宿区西新宿5-5,D6-19.西新宿五丁目中央 / Nishi-Shinjuku 5-chome center,35.693887,139.686359,-,営業時間 24時間 / Open for 24 hours
新宿区,西新宿五丁目,-,東京都新宿区西新宿5-13,D6-20.淀橋けやきばし公園 / Yodobashi Keyakibashi Park,35.693267,139.686037,-,営業時間 24時間 / Open for 24 hours
新宿区,新宿五丁目,-,東京都新宿区新宿5-3,D6-21.新宿5丁目 / Shinjuku 5-Chome,35.692837,139.711207,-,営業時間 24時間 / Open for 24 hours
新宿区,歌舞伎町二丁目,-,東京都新宿区歌舞伎町2-31-17,D6-23. アパホテル 東新宿 歌舞伎町西 / APA Hotel Higashi Shinjuku Kabukicho Nishi,35.697595,139.703685,-,営業時間 24時間 / Open for 24 hours
新宿区,西新宿三丁目,-,東京都新宿区西新宿3-19-2,D6-24.NTT東日本 本社ビル / NTT-EAST HQ BLDG,35.683424,139.68792,-,営業時間 24時間 / Open for 24 hours
新宿区,新宿三丁目,-,東京都新宿区新宿3-37先,D6-25.新宿駅東南口自転車駐輪場 / Shinjuku Station Southeast Exit Bicycle Parking lot,35.690099,139.70133,-,営業時間 24時間 / Open for 24 hours
新宿区,新宿六丁目,-,東京都新宿区新宿6-12-8,D6-26.セブン-イレブン新宿６丁目文化センター通り店 / Seven-Eleven Shinjuku 6 Chome Cultural Center-dori,35.694915,139.708274,-,営業時間 24時間 / Open for 24 hours
新宿区,西新宿三丁目,-,東京都新宿区西新宿3-2-11,D6-27.新宿三井ビルディング二号館 / Shinjuku Mitsui Bldg. No.2,35.686354,139.693128,-,営業時間 24時間 / Open for 24 hours
新宿区,新宿三丁目,-,東京都新宿区新宿3-7-1,D6-28.東急ステイ新宿 / TOKYU STAY SHINJUKU,35.690879,139.706176,-,営業時間 24時間 / Open for 24 hours
新宿区,西新宿二丁目,-,東京都新宿区西新宿2-8,D6-29.都庁第二本庁舎前 / Tokyo Metropolitan Government Building NO.2,35.689554,139.691809,-,営業時間 24時間 / Open for 24 hours
新宿区,西新宿二丁目,-,東京都新宿区西新宿2-2,D6-30.京王プラザホテル / Keio Plaza Hotel Tokyo,35.689973,139.694433,-,営業時間 24時間 / Open for 24 hours
新宿区,下落合一丁目,-,東京都新宿区下落合1-9-8,D7-01.下落合図書館 / Shimo-Ochiai Library,35.71601,139.698943,-,営業時間 24時間 / Open for 24 hours
新宿区,中落合三丁目,-,東京都新宿区中落合3-1-3,D7-02.セブン-イレブン 新宿中落合3丁目店 / Seven-Eleven Shinjuku Nakaochiai 3chome store,35.722292,139.691621,-,営業時間 24時間 / Open for 24 hours
新宿区,中落合一丁目,-,東京都新宿区中落合1-18,D7-03.中井駅北 / Nakai Station North,35.715418,139.687416,-,営業時間 24時間 / Open for 24 hours
新宿区,下落合三丁目,-,東京都新宿区下落合3-20-6,D7-04.セブン-イレブン 新宿下落合3丁目店 / Seven-Eleven Shinjuku Shimoochiai 3chome store,35.723012,139.702376,-,営業時間 24時間 / Open for 24 hours
新宿区,西落合四丁目,-,東京都新宿区西落合4-13-17,D7-05.西落合図書館 /? Nishi Ochiai Library,35.725763,139.67895,-,営業時間 24時間 / Open for 24 hours
新宿区,西落合二丁目,-,東京都新宿区西落合2-18-20ナレッジパーク落合ビル,D7-06. エムアイセミナーハウス / MI SEMINAR HOUSE,35.721186,139.676714,-,営業時間 24時間 / Open for 24 hours
新宿区,西落合三丁目,-,東京都新宿区西落合3-28-7,D7-07. ローソン 新宿西落合三丁目店 / LAWSON Shinjuku Nishiochiai 3-Chome shop,35.725077,139.675697,-,営業時間 24時間 / Open for 24 hours
新宿区,上落合三丁目,-,東京都新宿区上落合3-25-6,D7-08.上落合3丁目 / Kamiochiai 3-Chome,35.711215,139.68217,-,営業時間 24時間 / Open for 24 hours
新宿区,上落合二丁目,-,東京都新宿区上落合2-3-6,D7-10.染の里 おちあい / some no sato OCHIAI,35.715257,139.689585,-,営業時間 24時間 / Open for 24 hours
新宿区,下落合二丁目,-,東京都新宿区下落合2-1-1,D7-11.新宿清掃事務所 / Shinjuku waste Collection Office,35.716676,139.704545,-,営業時間 24時間 / Open for 24 hour
新宿区,下落合一丁目,-,東京都新宿区下落合1-5-9,D7-12.プラウド高田馬場 / PROUD TAKADANOBABA,35.715829,139.701154,-,営業時間 24時間 / Open for 24 hours
江東区,豊洲三丁目,-,東京都江東区豊洲3-1,H1-01.豊洲IHIビル前（晴海通り） /?Toyosu IHI Building,35.659454,139.793204,-,営業時間 24時間 / Open for 24 hours
江東区,豊洲五丁目,-,東京都江東区豊洲5-5,H1-02.豊洲駅 /?Toyosu Station,35.653405,139.796398,-,営業時間 24時間 / Open for 24 hours
江東区,東雲二丁目,-,東京都江東区東雲2-8,H1-03.東雲駅 /?Shinonome Station,35.640668,139.804164,-,営業時間 24時間 / Open for 24 hours
江東区,有明三丁目,-,東京都江東区有明3-7,H1-04.石と光の広場（国際展示場駅） / Ishito Hikarino Hiroba (Kokusai-tenjijo Station),35.633044,139.791546,-,営業時間 24時間 / Open for 24 hours
江東区,有明三丁目,-,東京都江東区有明3-6,H1-05.相鉄グランドフレッサ 東京ベイ有明 / SOTETSU GRAND FRESA TOKYO-BAY ARIAKE,35.631438,139.790094,-,営業時間 24時間 / Open for 24 hours
江東区,有明三丁目,-,東京都江東区有明3-3,H1-06.武蔵野大学 /?Musashino University,35.630932,139.786483,-,営業時間 24時間 / Open for 24 hours
江東区,青海一丁目,-,東京都江東区青海1-3,H1-07.青海駅 /?Aomi Station,35.624922,139.781323,-,営業時間 24時間 / Open for 24 hours
江東区,青海一丁目,-,東京都江東区青海1-2,H1-08.東京テレポート駅 /?Tokyo Teleport Station,35.627252,139.778937,-,営業時間 24時間 / Open for 24 hours
江東区,青海一丁目,-,東京都江東区青海1-1,H1-10.出会い橋 /?Deaibashi Bridge,35.623441,139.774954,-,営業時間 24時間 / Open for 24 hours
江東区,青海二丁目,-,東京都江東区青海2-4,H1-11.テレコムセンター駅 /?Telecom Center Station,35.618292,139.778618,-,営業時間 24時間 / Open for 24 hours
江東区,豊洲二丁目,-,東京都江東区豊洲2-4,H1-13.アーバンドックららぽーと豊洲 /?Urban Dock LaLaport TOYOSU,35.656685,139.791909,-,営業時間 24時間 / Open for 24 hours
江東区,潮見二丁目,-,東京都江東区潮見2-8-8,H1-14.ホテルリブマックス東京潮見駅前 / HOTEL LiVEMAX TOKYO-SHIOMI-EKIMAE,35.658361,139.818346,-,営業時間 24時間 / Open for 24 hours
江東区,豊洲三丁目,-,東京都江東区豊洲3-5,H1-16.豊洲三丁目公園 /?Toyosu 3-Chome Park,35.658418,139.796137,-,営業時間 24時間 / Open for 24 hours
江東区,東雲一丁目,-,東京都江東区東雲1-9-14,H1-17.東雲水辺公園 /?Shinonome Mizube Park,35.646695,139.804397,-,営業時間 24時間 / Open for 24 hours
江東区,有明三丁目,-,東京都江東区有明3-11,H1-18.東京ビッグサイト /?Tokyo Bigsight,35.630855,139.794046,-,営業時間 / Open 8:00-20:00
江東区,豊洲四丁目,-,東京都江東区豊洲4-10,H1-19.UR豊洲四丁目団地 /?UR Toyosu 4-Chome Danchi,35.653755,139.802425,-,営業時間 24時間 / Open for 24 hours
江東区,青海二丁目,-,東京都江東区青海2-3-6,H1-20.日本科学未来館 / National Museum of Emerging Science and Innovation,35.619184,139.776551,-,営業時間 24時間 / Open for 24 hours
江東区,東雲一丁目,-,東京都江東区東雲1-9-14,H1-21.東雲キャナルコートCODAN / Shinonome Canal Court CODAN,35.646695,139.804397,-,営業時間 24時間 / Open for 24 hours
江東区,豊洲六丁目,-,東京都江東区豊洲6-6,H1-22.豊洲市場（7街区）/ Toyosu market block 7,35.640462,139.78143,-,営業時間 24時間 / Open for 24 hours
江東区,東雲一丁目,-,東京都江東区東雲1-7-12,H1-23.KDX豊洲グランスクエア /?KDX Toyosu Grand Square,35.647859,139.79847,-,営業時間 24時間 / Open for 24 hours
江東区,青海二丁目,-,東京都江東区青海2-3-1,H1-26.青海客船ターミナル /?Aomi Passenger Ship Terminal,35.619214,139.775271,-,営業時間 24時間 / Open for 24 hours
江東区,青海一丁目,-,東京都江東区青海1-5-4,H1-27.パレットタウン乗船場 /?Palette Town Water Bus Terminal,35.624719,139.781895,-,営業時間 24時間 / Open for 24 hours
江東区,有明三丁目,-,東京都江東区有明3-12-13,H1-28.有明客船ターミナル /?Ariake Passenger Ship Terminal,35.629611,139.792491,-,営業時間 24時間 / Open for 24 hours
江東区,豊洲五丁目,-,東京都江東区豊洲6-10-8,H1-29.スカイズタワー&ガーデン /?SKYZ TOWER&GARDEN,35.649711,139.79852,-,営業時間 24時間 / Open for 24 hours
江東区,東陽四丁目,-,東京都江東区東陽4-11-28,H1-30.江東区役所（北側） /?Koto City Office(North Side),35.672773,139.817271,-,営業時間 24時間 / Open for 24 hours
江東区,東陽四丁目,-,東京都江東区東陽4-11-28,H1-31.江東区役所（南側） /?Koto City Office(South Side),35.672773,139.817271,-,営業時間 24時間 / Open for 24 hours
江東区,塩浜二丁目,-,東京都江東区塩浜2-25-1,H1-32.区営塩浜住宅前 /?Shiohama Juutaku,35.664665,139.814396,-,営業時間 24時間 / Open for 24 hours
江東区,木場一丁目,-,東京都江東区木場1-5,H1-33.深川ギャザリア（ウエストスクエア） /?FUKAGAWA GATHARIA(West Square),35.667407,139.804069,-,営業時間 24時間 / Open for 24 hours
江東区,門前仲町二丁目,-,東京都江東区門前仲町2-10-4先,H1-34.門前仲町駅(首都高高架、駐輪場内２階） /?Monzen-nakacho Station,35.6734,139.796118,-,営業時間 24時間 / Open for 24 hours
江東区,豊洲五丁目,-,東京都江東区豊洲5-6-36,H1-35.ヒューリック豊洲プライムスクエア /?Hulic Toyosu Prime Square,35.652218,139.798084,-,営業時間 24時間 / Open for 24 hours
江東区,木場六丁目,-,東京都江東区木場6-2-6,H1-36.フジゴルフセンター / Fujigolf Center,35.666076,139.80713,-,営業時間 24時間 / Open for 24 hours
江東区,東雲二丁目,-,東京都江東区東雲2-15,H1-37.東雲駅（東京湾岸道路）/ Shinonome Sta.(Wangan Road),35.639226,139.800548,-,営業時間 24時間 / Open for 24 hours
江東区,辰巳一丁目,-,東京都江東区辰巳1-1-40 辰巳駅西口自転車駐車場内3階,H1-38.辰巳駅西口自転車駐車場（駐輪場内３階） / Tatsumi station western exit bicycle garage,35.646848,139.808886,-,営業時間 24時間 / Open for 24 hours
江東区,辰巳一丁目,-,東京都江東区辰巳1-12,H1-39.辰巳駅東口自転車駐車場 / Tatsumi station east entrance bicycle garaje,35.64489,139.810875,-,営業時間 24時間 / Open for 24 hours
江東区,門前仲町一丁目,-,東京都江東区門前仲町1-19-15,H1-40.深川東京モダン館 / Fukagawa Tokyo Modan Kan,35.674095,139.794912,-,営業時間 24時間 / Open for 24 hours
江東区,平野三丁目,-,東京都江東区平野3-2-30,H1-41.深川北スポーツセンター / Fukagawa North Sports Center,35.677125,139.804598,-,営業時間 / Open 8:30-20:00休館日 / Closing day毎月第2･4月曜日(祝･休日の場合は翌日)年末年始(12月29日~1月3日)This port can not be used on the 2nd and 4th Mondays. We will close from December 29 to January 3.
江東区,北砂一丁目,-,東京都江東区北砂1-2-9,H1-42.江東区スポーツ会館 / Koto-ku Sports Hall,35.684474,139.821382,-,営業時間 24時間 / Open for 24 hours
江東区,東陽六丁目,-,東京都江東区東陽6-3-2,H1-43.東京イースト21 / Tokyo East 21,35.674373,139.815557,-,営業時間 24時間 / Open for 24 hours
江東区,豊洲六丁目,-,東京都江東区豊洲6-2-15,H1-44.テプコ豊洲ビル / TEPCO TOYOSU Bldg.,35.648061,139.790426,-,営業時間 24時間 / Open for 24 hours
江東区,夢の島一丁目,-,東京都江東区夢の島1-1-2,H1-45.夢の島競技場 / Yumenoshima Stadium,35.64749,139.822643,-,営業時間 24時間 / Open for 24 hours
江東区,枝川二丁目,-,東京都江東区枝川2-2-8,H1-46.セブン-イレブン 江東枝川2丁目店 / Seven-Eleven Koto Edagawa 2-Chome store,35.659177,139.807264,-,営業時間 24時間 / Open for 24 hours
江東区,南砂六丁目,-,東京都江東区南砂6-7-15,H1-47.トピレックプラザ / TOPYREC PLAZA,35.67179,139.835519,-,営業時間 24時間 / Open for 24 hours
江東区,潮見二丁目,-,東京都江東区潮見2-3-10,H1-48.セブン-イレブン 江東潮見２丁目店 / Seven-Eleven Koto Shiomi 2-Chome store,35.657355,139.816177,-,営業時間 24時間 / Open for 24 hours
江東区,新砂三丁目,-,東京都江東区新砂3-3-53,H1-49.セブン-イレブン 江東新砂3丁目店 / Seven-Eleven Koto Shinsuna 3-Chome store,35.667988,139.831458,-,営業時間 24時間 / Open for 24 hours
江東区,豊洲二丁目,-,東京都江東区豊洲2-2,H1-50.豊洲交通広場北?/ Toyosu Transportation Square  North,35.654196,139.794926,-,営業時間 24時間 / Open for 24 hours
江東区,豊洲二丁目,-,東京都江東区豊洲2-2,H1-51.豊洲交通広場東?/ Toyosu Transportation Square  East,35.654196,139.794926,-,営業時間 24時間 / Open for 24 hours
江東区,辰巳一丁目,-,東京都江東区辰巳1-1-44,H1-52.辰巳駅 / Tatsumi station,35.64589,139.8089,-,営業時間 24時間 / Open for 24 hours
江東区,豊洲二丁目,-,東京都江東区豊洲2-2-18,H1-53.豊洲シビックセンター / Toyosu civic center,35.65423,139.795254,-,営業時間 24時間 / Open for 24 hours
江東区,北砂五丁目,-,東京都江東区北砂5-1-7,H1-54.砂町文化センター? / Sunamachi Culture Center,35.680414,139.832036,-,営業時間 / Open 9:00-22:00※毎月第1･3月曜日(但し､祝日の場合を除く)及び12/29~1/3はご利用できません｡This port can not be used on the first and third Mondays and we will close from December 29 to January 3.
江東区,白河一丁目,-,東京都江東区白河1-3-28,H1-55.深川江戸資料館 /?Fukagawa Edo Museum,35.681091,139.800553,-,営業時間 / Open 8:30~20:00※12/29~1/3はご利用できません｡We will close from December 29 to January 3.
江東区,南砂三丁目,-,東京都江東区南砂3-8,H1-56.南砂三丁目緑地公園西 / Minamisuna 3-Chome Park West,35.671387,139.829881,-,営業時間 24時間 / Open for 24 hours
江東区,新木場一丁目,-,東京都江東区新木場1-5,H1-57.新木場駅 / Shinkiba Station,35.644951,139.826623,-,営業時間 24時間 / Open for 24 hours
江東区,潮見二丁目,-,東京都江東区潮見2-7,H1-58.潮見駅 / Shiomi Station,35.658044,139.817724,-,営業時間 24時間 / Open for 24 hours
江東区,清澄一丁目,-,東京都江東区清澄1-1-7,H1-59.LYURO 東京清澄 / LYURO Tokyo Kiyosumi,35.681171,139.792032,-,営業時間 24時間 / Open for 24 hours
江東区,東砂三丁目,-,東京都江東区東砂3-28先,H1-60.荒川・砂町庭球場西 / Arakawa Sunamachi tennis court West,35.679775,139.844615,-,営業時間 24時間 / Open for 24 hours
江東区,豊洲六丁目,-,東京都江東区豊洲6-4-2,H1-61.Brillia ランニングスタジアム マギーズ東京前 / Brillia Running Stadium Maggie's Tokyo Front,35.648761,139.786927,-,営業時間 24時間 / Open for 24 hours
江東区,扇橋一丁目,-,東京都江東区扇橋1-21-26,H1-62.扇橋一丁目公園南 / Ogibashi 1-Chome Park South,35.683824,139.812314,-,営業時間 24時間 / Open for 24 hours
江東区,潮見一丁目,-,東京都江東区潮見1-3-2,H1-63.東京スイソミル / Tokyo Suisomiru,35.656416,139.811377,休止中（2023年2月時点）,営業時間 24時間 / Open for 24 hours
江東区,東雲二丁目,-,東京都江東区東雲2-10-1,H1-64.ローソン東雲駅前店 / LAWSON Shinonome Station-Mae shop,35.640151,139.804278,-,営業時間 24時間 / Open for 24 hours
江東区,南砂二丁目,-,東京都江東区南砂2-38-3,H1-65.ローソン南砂日曹橋店 / LAWSON Minamisuna Nissobashi shop,35.669535,139.825517,-,営業時間 24時間 / Open for 24 hours
江東区,大島九丁目,-,東京都江東区大島9-1-15,H1-66.中川船番所資料館 / Nakagawa ship Bansho museum,35.687677,139.846284,-,営業時間 24時間 / Open for 24 hours
江東区,亀戸九丁目,-,東京都江東区亀戸9-18-10,H1-67.セブン-イレブン 江東亀戸９丁目店 /?Seven-Eleven Koto Kameido 9chome store,35.697784,139.843076,-,営業時間 24時間 / Open for 24 hours
江東区,豊洲六丁目,-,東京都江東区豊洲6-2-3,H1-68.芝浦工業大学附属中学高等学校 / Shibaura Institute of Technology Junior and Senior High School,35.64572,139.791401,-,営業時間 24時間 / Open for 24 hours
江東区,石島,-,東京都江東区石島5-8-3,H1-69.ファミリーマート江東石島店 / FamilyMart Koto Ishijima shop,35.680269,139.812166,-,営業時間 24時間 / Open for 24 hours
江東区,有明二丁目,-,東京都江東区有明2-3-5,H1-70.有明スポーツセンター / Ariake sports center,35.633179,139.783819,-,営業時間 / Open 8:30~22:30
江東区,東陽四丁目,-,東京都江東区東陽4-6-11,H1-71.セブン-イレブン 江東東陽4丁目店 / Seven-Eleven Koto Toyo 4-Chome store,35.670829,139.819332,-,営業時間 24時間 / Open for 24 hours
江東区,深川二丁目,-,東京都江東区深川2-7-6,H1-72.ネクストサイト深川ビル / NEXTSITE Fukagawa Building,35.674867,139.797423,-,営業時間 24時間 / Open for 24 hours
江東区,冬木,-,東京都江東区冬木11-17,H1-73.イシマビル / Ishima Building,35.67352,139.800037,-,営業時間 24時間 / Open for 24 hours
江東区,新木場二丁目,-,東京都江東区新木場2-7-1,H1-74.タダノ教習センター / TADANO KYOSHU CENTER,35.638277,139.831968,-,営業時間 24時間 / Open for 24 hours
江東区,扇橋二丁目,-,東京都江東区扇橋2-10-3,H1-75.ジオ深川住吉 / GEO FUKAGAWA SUMIYOSHI,35.683982,139.815269,-,営業時間 24時間 / Open for 24 hours
江東区,有明一丁目,-,東京都江東区有明1-3-33,H1-76.有明物流センター / Ariake Logistic Center,35.63794,139.788402,-,営業時間 24時間 / Open for 24 hours
江東区,東砂二丁目,-,東京都江東区東砂2-12-31,H1-77.ライフ東砂店 / LIFE Higashisuna Store,35.684466,139.84399,-,営業時間 24時間 / Open for 24 hours
江東区,新木場一丁目,-,東京都江東区新木場1-8-19,H1-78.ローソン新木場一丁目店 / LAWSON Shinkiba 1-Chome shop,35.645818,139.835003,-,営業時間 24時間 / Open for 24 hours
江東区,豊洲三丁目,-,東京都江東区豊洲3-1-1,H1-81.豊洲IHIビル（北側）/Toyosu IHI Building(north side),35.659354,139.79357,-,営業時間 24時間 / Open for 24 hours
江東区,北砂三丁目,-,東京都江東区北砂3-3-7,H1-82.セブン-イレブン 北砂3丁目明治通り店 / Seven-Eleven Kitasuna 3-Chome Meijidori store,35.683624,139.827131,-,営業時間 24時間 / Open for 24 hours
江東区,東雲二丁目,-,東京都江東区東雲2-3-22,H1-83.ローソン江東東雲店 / LAWSON Koto Shinonome shop,35.642248,139.800229,-,営業時間 24時間 / Open for 24 hours
江東区,辰巳二丁目,-,東京都江東区辰巳2-8-17,H1-84.NTT東日本辰巳ビル / NTT-East Tatsumi Build,35.647287,139.817399,-,営業時間 24時間 / Open for 24 hours
江東区,塩浜二丁目,-,東京都江東区塩浜2-4-35,H1-87.パークアクシス木場キャナルウエスト / Park Axis Kiba Canal West,35.662368,139.803767,-,営業時間 24時間 / Open for 24 hours
江東区,有明一丁目,-,東京都江東区有明1-5-22,H1-89.BUDDY スポーツアリーナ / BUDDY SPORTS ARENA,35.63736,139.781743,-,営業時間 24時間 / Open for 24 hours
江東区,枝川一丁目,-,東京都江東区枝川1-10-24,H1-90.富士倉庫運輸 FACE-1前 / Fujisokounyu.co. FACE-1 Bldg.,35.654483,139.804342,-,営業時間 24時間 / Open for 24 hours
江東区,亀戸一丁目,-,東京都江東区亀戸1-41-2,H1-91.亀戸駅北口第三自転車駐車場 / Kameido sta. North 3rd Bicycle garage,35.697017,139.823745,-,営業時間 24時間 / Open for 24 hours
江東区,亀戸五丁目,-,東京都江東区亀戸5-1,H1-92.亀戸駅東口第二自転車駐車場 / Kameido sta. East 2nd Bicycle garage,35.697686,139.8268,-,営業時間 24時間 / Open for 24 hours
江東区,新木場一丁目,-,東京都江東区新木場1-12,H1-93.新木場一丁目公園 / Shinkiba 1chome Park,35.639894,139.83557,-,営業時間 24時間 / Open for 24 hours
江東区,新木場一丁目,-,東京都江東区新木場1-10,H1-94.新木場一丁目緑地公園 / Shinkiba 1chome Ryokchi Park,35.644063,139.835762,-,営業時間 24時間 / Open for 24 hours
江東区,若洲三丁目,-,東京都江東区若洲3-2,H1-95.若洲公園 /?H1-95.Wakasu Park,35.618197,139.833563,-,営業時間 24時間 / Open for 24 hours
江東区,越中島一丁目,-,東京都江東区越中島1-3,H1-96.越中島公園 / Etchujima Park,35.670484,139.788779,-,営業時間 24時間 / Open for 24 hours
江東区,塩浜一丁目,-,東京都江東区塩浜1-4,H1-97.浜園公園 / Hamazono Park,35.661063,139.800531,-,営業時間 24時間 / Open for 24 hours
江東区,東陽三丁目,-,東京都江東区東陽3-1,H1-98.洲崎川緑道公園 / Suzakigawa Ryokdo Park,35.668526,139.808955,-,営業時間 24時間 / Open for 24 hours
江東区,南砂三丁目,-,東京都江東区南砂3-14,H1-99.南砂三丁目公園 / Minamisuna 3chome Park,35.669926,139.832711,-,営業時間 24時間 / Open for 24 hours
江東区,亀戸二丁目,-,東京都江東区亀戸2-1-21,H1-100. URアーバンライフ亀戸 / UR URBAN LIFE KAMEIDO,35.697617,139.821937,-,営業時間 24時間 / Open for 24 hours
江東区,新木場一丁目,-,東京都江東区新木場1-11-16,H1-101.ファミリーマート新木場一丁目店 / Family Mart Shinkiba 1Chome Store,35.64253,139.836359,-,営業時間 24時間 / Open for 24 hours
江東区,東砂七丁目,-,東京都江東区東砂7-19-5,H1-102.ファミリーマート東砂七丁目店 / Family Mart Higashisuna 7Chome Store,35.672804,139.837855,-,営業時間 24時間 / Open for 24 hours
江東区,清澄二丁目,-,東京都江東区清澄2-2,H1-103.清澄庭園 / Kiyosumi Teien Park,35.680455,139.79563,-,営業時間 24時間 / Open for 24 hours
江東区,平野四丁目,-,東京都江東区平野4-6,H1-104.木場公園 / Kiba Park,35.678153,139.808172,-,営業時間 24時間 / Open for 24 hours
江東区,毛利二丁目,-,東京都江東区毛利2-13,H1-105.猿江恩賜公園 / Sarue Onshi Park,35.691256,139.818115,-,営業時間 24時間 / Open for 24 hours
江東区,亀戸八丁目,-,東京都江東区亀戸8-2,H1-106.亀戸中央公園 / Kameido Chuo Park,35.699415,139.835279,-,営業時間 24時間 / Open for 24 hours
江東区,大島九丁目,-,東京都江東区大島9-8,H1-107.大島小松川公園 / Ojima Komatsugawa Park,35.693351,139.847076,-,営業時間 24時間 / Open for 24 hours
江東区,東雲一丁目,-,東京都江東区東雲1-9,H1-108.Brillia ist 東雲キャナルコート北側 /Brillia ist Shinonome Canal Court North,35.647664,139.805164,-,営業時間 24時間 / Open for 24 hours
江東区,東雲一丁目,-,東京都江東区東雲1-9,H1-109.Brillia ist 東雲キャナルコート東側 / Brillia ist Shinonome Canal Court East,35.647664,139.805164,-,営業時間 24時間 / Open for 24 hours
江東区,木場六丁目,-,東京都江東区木場6-4-20,H1-111.ファミリーマート木場六丁目店 / Family Mart Kiba 6Chome Store,35.666807,139.807708,-,営業時間 24時間 / Open for 24 hours
江東区,塩浜二丁目,-,東京都江東区塩浜2-14-1,H1-112.ファミリーマート江東塩浜二丁目店 / Family Mart Koto Shiohama 2Chome Store,35.662971,139.808669,-,営業時間 24時間 / Open for 24 hours
江東区,東雲一丁目,-,東京都江東区東雲1-6-13,H1-113.123+N東雲店 / 123+N Shinonome Shop,35.646662,139.801195,-,営業時間 24時間 / Open for 24 hours
江東区,夢の島二丁目,-,東京都江東区夢の島2-1,H1-114.東京夢の島マリーナ / Tokyo Yumenoshima Marina,35.649254,139.826495,-,営業時間 24時間 / Open for 24 hours
江東区,夢の島三丁目,-,東京都江東区夢の島3-2,H1-115.東京夢の島マリーナ 第4駐車場 / Tokyo Yumenoshima Marina 4th Parking,35.650326,139.836281,-,営業時間 24時間 / Open for 24 hours
江東区,青海一丁目,-,東京都江東区青海1-3,H1-116.出会い橋高架下 / Deaibashi Bridge (underpass),35.624922,139.781323,-,営業時間 24時間 / Open for 24 hours
江東区,木場五丁目,-,東京都江東区木場5-8-40,H1-117.東京パークサイドビル / Tokyo Parkside Building,35.671103,139.808627,-,営業時間 24時間 / Open for 24 hours
江東区,亀戸二丁目,-,東京都江東区亀戸2-22-12,H1-118.ファミリーマート亀戸駅前店 / Family Mart Kameido Ekimae Store,35.698281,139.825403,-,営業時間 24時間 / Open for 24 hours
江東区,新木場三丁目,-,東京都江東区新木場3-6-6,"H1-119.榎戸材木店 / Enokido Lumber Co., LTD",35.638416,139.834723,-,営業時間 24時間 / Open for 24 hours
江東区,豊洲五丁目,-,東京都江東区豊洲5-6-52,H1-120.豊洲5丁目 / Toyosu 5 Chome,35.650589,139.799276,-,営業時間 24時間 / Open for 24 hours
江東区,南砂五丁目,-,東京都江東区南砂5-8-1,H1-121.南砂5丁目 / Minamisuna 5-Chome,35.675464,139.829445,-,営業時間 24時間 / Open for 24 hours
江東区,東砂四丁目,-,東京都江東区東砂4-24-1,H1-122.東砂スポーツセンター / Higashisuna Sports Center,35.679186,139.839443,-,"営業時間 24時間 / Open for 24 hours休館日は第2・第4月曜日(休日にあたる場合は、その翌日)、年末年始12月29日〜1月3日詳細については、以下のURLからご確認をお願いいたします。Closed days : 2nd Monday, 4th Monday (If a national holiday falls on a Monday, it will be closed on the following Tuesday as well.)https://www.koto-hsc.o"
江東区,有明三丁目,-,東京都江東区有明3-7-3,H1-123.ダイワロイネットホテル東京有明 / Daiwa Roynet Hotel Tokyo-Ariake,35.634541,139.792019,-,営業時間 24時間 / Open for 24 hours
江東区,海辺,-,東京都江東区海辺2-7,H1-124.セブン‐イレブン江東海辺店 / Seven-Eleven Koto Umibe store,35.680369,139.817943,-,営業時間 24時間 / Open for 24 hours
江東区,牡丹二丁目,-,東京都江東区牡丹2-1,H1-127.古石場川親水公園 / Furuishiba river water park,35.669612,139.795356,-,営業時間 24時間 / Open for 24 hours
江東区,豊洲六丁目,-,東京都江東区豊洲6-3,H1-128.豊洲市場（5街区）/ Toyosu Market Block5,35.646481,139.787899,-,営業時間 24時間 / Open for 24 hours
江東区,豊洲六丁目,-,東京都江東区豊洲6-5,H1-129.豊洲市場（6街区）/ Toyosu Market Block6,35.64492,139.782405,-,営業時間 24時間 / Open for 24 hours
江東区,千石二丁目,-,東京都江東区千石2-12-24,H1-130.トヨタモビリティ東京 深川南・北店 / TOYOTA Mobility Fukagawaminami Kita,35.677133,139.816485,-,営業時間 24時間 / Open for 24 hours
江東区,佐賀二丁目,-,東京都江東区佐賀2-12-7,H1-131.セブン-イレブン江東佐賀2丁目店 / Seven-Eleven Koto Saga 2chome Store,35.678919,139.79346,-,営業時間 24時間 / Open for 24 hours
江東区,三好四丁目,-,東京都江東区三好4-6-7,H1-132.セブン-イレブン江東三好4丁目店 / Seven-Eleven Koto Miyoshi 4chome Store,35.681344,139.809378,-,営業時間 24時間 / Open for 24 hours
江東区,北砂二丁目,-,東京都江東区北砂2-9,H1-133.北砂2丁目公園 / Kitasuna 2 chome park,35.679467,139.825995,-,営業時間 24時間 / Open for 24 hours
江東区,豊洲六丁目,-,東京都江東区豊洲6-5先,H1-134.豊洲ぐるり公園 / Toyosu Gururi park,35.64492,139.782405,-,営業時間 24時間 / Open for 24 hours
江東区,北砂五丁目,-,東京都江東区北砂5-20,H1-135.北砂5丁目団地 / Kitasuna 5 chome Danchi,35.684016,139.832927,-,営業時間 24時間 / Open for 24 hours
江東区,東砂一丁目,-,東京都江東区東砂1-2-13,H1-136.東砂一丁目公園 / Higashisuna 1 chome Park,35.68378,139.839699,-,営業時間 24時間 / Open for 24 hours
江東区,有明二丁目,-,東京都江東区有明2-1-8,H1-137.住友不動産ショッピングシティ有明ガーデン / ARIAKE GARDEN,35.638568,139.792846,-,営業時間 24時間 / Open for 24 hours
江東区,新大橋三丁目,-,東京都江東区新大橋3-5-4,H1-138.HW.HILLS新大橋 / HW.HILLS Shin-Ohashi,35.68739,139.795575,-,営業時間 24時間 / Open for 24 hours
江東区,清澄三丁目,-,東京都江東区清澄3-4-8,H1-139.ローソン清澄三丁目店 / LAWSON Kiyosumi 3 Chome shop,35.681813,139.797983,-,営業時間 24時間 / Open for 24 hours
江東区,住吉二丁目,-,東京都江東区住吉2-16-11,H1-140.キャナルパレス住吉 / The Canal Palace SUMIYOSHI,35.689998,139.815121,-,営業時間 24時間 / Open for 24 hours
江東区,亀戸二丁目,-,東京都江東区亀戸2‐13-6,H1-141.スーパーホテル東京・亀戸 / Super Hotel Tokyo Kameido,35.699033,139.822759,-,営業時間 24時間 / Open for 24 hours
江東区,潮見二丁目,-,東京都江東区潮見2-8-6,H1-142.東京ベイ潮見プリンスホテル / Tokyo Bay Shiomi Prince Hotel,35.65768,139.818887,-,営業時間 24時間 / Open for 24 hours
江東区,青海一丁目,-,東京都江東区青海1-1-20,H1-143.ダイバーシティ東京 プラザ / DiverCity Tokyo Plaza,35.625101,139.776415,-,営業時間 24時間 / Open for 24 hours
江東区,南砂二丁目,-,東京都江東区南砂2-3-1,H1-144.南砂住宅 / Minamisuna Juutaku,35.670265,139.821987,-,営業時間 24時間 / Open for 24 hours
江東区,東雲二丁目,-,東京都江東区東雲2-4-1,H1-145.東雲都橋住宅 / Shinonome Miyakobashi Juutaku,35.642418,139.79807,-,営業時間 24時間 / Open for 24 hours
江東区,東陽二丁目,-,東京都江東区東陽2-3-12,H1-146.ホテルルートインGrand東京東陽町 / HOTEL ROUTE-INN Grand TOKYO TOYOCHO,35.667837,139.816835,-,営業時間 24時間 / Open for 24 hours
江東区,大島四丁目,-,東京都江東区大島4-1-1,H1-147.大島四丁目団地 / Ojima 4 chome Danchi,35.687754,139.827447,-,営業時間 24時間 / Open for 24 hours
江東区,大島七丁目,-,東京都江東区大島7-13,H1-148.大島七丁目団地 / Ojima 7 chome Danchi,35.694035,139.83896,-,営業時間 24時間 / Open for 24 hours
江東区,有明二丁目,-,東京都江東区有明2-1-8,H1-149.有明ガーデン 公園口 / ARIAKE GARDEN PARK ENTRANCE,35.638568,139.792846,-,営業時間 24時間 / Open for 24 hours
江東区,有明二丁目,-,東京都江東区有明2-1-8,H1-150. ホテルヴィラフォンテーヌ南側 / Hotel Villa Fontaine South side,35.638568,139.792846,-,営業時間 24時間 / Open for 24 hours
江東区,亀戸二丁目,-,東京都江東区亀戸2-7-7,H1-151.レオーネ錦糸町 / Leone Kinshicho,35.701302,139.820215,-,営業時間 24時間 / Open for 24 hours
江東区,亀戸二丁目,-,東京都江東区亀戸2-29-4,H1-152.コンポジット亀戸ウエスト / Composite Kameido West,35.699122,139.824242,-,営業時間 24時間 / Open for 24 hours
江東区,新木場二丁目,-,東京都江東区新木場2-3-13,H1-153.三井リンクラボ新木場1 / MITSUI LINK-Lab SHINKIBA1,35.639227,139.824054,-,営業時間 24時間 / Open for 24 hours
江東区,有明三丁目,-,東京都江東区有明3,H1-154.やぐら橋下 / Yagurabashi shita,35.631619,139.788255,-,営業時間 24時間 / Open for 24 hours
江東区,豊洲六丁目,-,東京都江東区豊洲6-5-34,H1-155.メブクス豊洲 / MEBKS TOYOSU,35.64492,139.782405,-,営業時間 24時間 / Open for 24 hours
江東区,有明三丁目,-,東京都江東区有明3-3,H1-156.つどい橋下 / Tsudoibashi,35.630932,139.786483,-,営業時間 24時間 / Open for 24 hours
江東区,有明二丁目,-,東京都江東区有明2-2,H1-158.東京国際交流館 / Tokyo International Exchange Center,35.634823,139.788853,-,営業時間 24時間 / Open for 24 hours
江東区,青海一丁目,-,東京都江東区青海1-2,H1-159.夢の大橋西 / Yume-no-ohashi West,35.627252,139.778937,-,営業時間 24時間 / Open for 24 hours
江東区,有明三丁目,-,東京都江東区有明3-7,H1-160.花の広場 / Hana no Hiroba,35.632912,139.792689,-,営業時間 24時間 / Open for 24 hours
江東区,常盤一丁目,-,東京都江東区常盤1-18-2,H1-161.昭文社制作本部ビル / Shobunsha Production Headquarters Building,35.683921,139.795078,-,営業時間 24時間 / Open for 24 hours
江東区,森下二丁目,-,東京都江東区森下2-5-16,H1-163.森下公園 / Morishita Park,35.686243,139.799716,-,営業時間 24時間 / Open for 24 hours
江東区,森下三丁目,-,東京都江東区森下3-13-1,H1-164.森下三丁目第三児童遊園 / Morishita 3-chome Dai3 Children's Park,35.685468,139.802608,-,営業時間 24時間 / Open for 24 hours
江東区,亀戸四丁目,-,東京都江東区亀戸4-18-8,H1-165.亀戸梅屋敷 / KAMEIDO UMEYASHIKI,35.701585,139.825563,-,営業時間 24時間 / Open for 24 hours
江東区,亀戸六丁目,-,東京都江東区亀戸6-31-6,H1-166.亀戸クロック / KAMEIDO CLOCK,35.69503,139.829422,-,営業時間 24時間 / Open for 24 hours
江東区,大島八丁目,-,東京都江東区大島8-11-7,H1-167.大島八丁目公園 / Oojima 8-chome Park,35.688032,139.840071,-,営業時間 24時間 / Open for 24 hours
江東区,大島五丁目,-,東京都江東区大島5-27-10,H1-168.大島五丁目公園 / Oojima 5-chome Park,35.686668,139.835673,-,営業時間 24時間 / Open for 24 hours
江東区,亀戸七丁目,-,東京都江東区亀戸7-39-13,H1-169.セブンイレブン江東亀戸7丁目東店 / Seven-Eleven Koutou Kameido7chome Higashi store,35.697058,139.839891,-,営業時間 24時間 / Open for 24 hours
江東区,亀戸七丁目,-,東京都江東区亀戸7-63,H1-170.セブンイレブン江東亀戸7丁目南店 / Seven-Eleven Koutou Kameido7chome Minami store,35.695505,139.838252,-,営業時間 24時間 / Open for 24 hours
江東区,東砂六丁目,-,東京都江東区東砂6-11-1,H1-171.LOGI’Q南砂町 / LOGI’Q Minamisunamachi,35.672632,139.84209,-,営業時間 24時間 / Open for 24 hours
江東区,越中島二丁目,-,東京都江東区越中島2-3-1,H1-172.サンヨーパシフィックマンション / Sanyo Pacific Apartment,35.668771,139.794103,-,営業時間 24時間 / Open for 24 hours
江東区,森下二丁目,-,東京都江東区森下2-17,H1-173.森下駅前 / Morishita Ekimae,35.687863,139.799021,-,営業時間 24時間 / Open for 24 hours
江東区,北砂一丁目,-,東京都江東区北砂1-3-43,H1-174.ジュネス(エントランス側) / Jeunesse(entrance side),35.682606,139.8235,-,営業時間 24時間 / Open for 24 hours
江東区,大島五丁目,-,東京都江東区大島5-45-5,H1-175.ダイアパレス大島駅前 / Dia Palace Ojimaekimae,35.689667,139.836352,-,営業時間 24時間 / Open for 24 hours
江東区,新砂一丁目,-,東京都江東区新砂1-6-35,H1-176.JMFビル東陽町02 / JMF-Bldg.Toyocho 02,35.66669,139.82346,-,営業時間 24時間 / Open for 24 hours
江東区,北砂七丁目,-,東京都江東区北砂7-7-1,H1-177.北砂7丁目団地(第一) / Kitasuna7-chome Danchi (First),35.678511,139.836772,-,営業時間 24時間 / Open for 24 hours
江東区,北砂七丁目,-,東京都江東区北砂7-7-1,H1-178.北砂7丁目団地(第二) / Kitasuna7-chome Danchi (Second),35.678511,139.836772,-,営業時間 24時間 / Open for 24 hours
江東区,北砂七丁目,-,東京都江東区北砂7-7-1,H1-179.北砂7丁目団地(第三) / Kitasuna7-chome Danchi (Third),35.678511,139.836772,-,営業時間 24時間 / Open for 24 hours
江東区,大島六丁目,-,東京都江東区大島6-14-2,H1-180.シティコート大島 / City Court Ojima,35.691336,139.836532,-,営業時間 24時間 / Open for 24 hours
品川区,広町二丁目,-,東京都品川区広町2-1-36,I1-01.品川区役所 本庁舎前 / Shinagawa City Office Beside Main Building,35.608836,139.730241,-,営業時間 24時間 / Open for 24 hours
品川区,広町二丁目,-,東京都品川区広町2-1-36,I1-02.品川区役所 第三庁舎前 / Shinagawa City Office Beside 3rd Building,35.608836,139.730241,-,営業時間 24時間 / Open for 24 hours
品川区,大井一丁目,-,東京都品川区大井1-2,I1-03.大井町駅中央口（西側）/ Oimachi Station Central Exit (West Side),35.606726,139.734283,-,営業時間 24時間 / Open for 24 hours
品川区,大井一丁目,-,東京都品川区大井1-2,I1-04.大井町歩道橋 / Oimachi Footbridge,35.606726,139.734283,-,営業時間 24時間 / Open for 24 hours
品川区,大井六丁目,-,東京都品川区大井6-11-1,I1-05.品川歴史館 / Shinagawa Historical Museum,35.59666,139.730153,休止中（2023年2月時点）,営業時間 / Open 9:00-17:00月曜･祝日除く / Except Monday and Holidays
品川区,大井六丁目,-,東京都品川区大井6-21-6,I1-06.大森貝塚遺跡庭園 / Omori Shell Mounds Garden,35.593247,139.729723,-,営業時間 24時間 / Open for 24 hours
品川区,南大井二丁目,-,東京都品川区南大井2-10,I1-07.しながわ水族館 / Shinagawa Aquarium,35.590086,139.736617,-,営業時間 24時間 / Open for 24 hours
品川区,東品川二丁目,-,東京都品川区東品川2-3,I1-08.天王洲アイル第一水辺広場 / Tennozu Isle Dai-1 Waterside Square,35.62396,139.749959,-,営業時間 24時間 / Open for 24 hours
品川区,東品川三丁目,-,東京都品川区東品川3-9-21,I1-09.東品川海上公園第1 / Higashi-Shinagawa Sea Park Dai-1,35.617289,139.749734,-,営業時間 24時間 / Open for 24 hours
品川区,東品川四丁目,-,東京都品川区東品川4-12-13,I1-10.品川シーサイド公園第1 / Shinagawa Sea Side Park Dai-1,35.607543,139.749159,-,営業時間 24時間 / Open for 24 hours
品川区,東大井一丁目,-,東京都品川区東大井1-13-2,I1-11.鮫洲入江広場 / Samezu Irie Park,35.604068,139.74476,-,営業時間 24時間 / Open for 24 hours
品川区,勝島三丁目,-,東京都品川区勝島3-2,I1-12.しながわ区民公園（北側）/ Shinagawa-kumin Park (North Side),35.590839,139.738122,-,営業時間 / Open 7:30-17:00
品川区,八潮一丁目,-,東京都品川区八潮1-3-1,I1-13.八潮北公園 / Yashio-kita Park,35.612567,139.753745,-,営業時間 24時間 / Open for 24 hours
品川区,東品川一丁目,-,東京都品川区東品川1-7,I1-16.品川浦第一 / Shinagawa-ura Dai-1,35.621607,139.741851,-,営業時間 24時間 / Open for 24 hours
品川区,東品川三丁目,-,東京都品川区東品川3-9-21,I1-17.東品川海上公園第2 / Higashi-Shinagawa Sea Park Dai-2,35.617289,139.749734,-,営業時間 24時間 / Open for 24 hours
品川区,東品川三丁目,-,東京都品川区東品川3-15-1,I1-18.東品川公園 / Higashi-Shinagawa Park,35.614422,139.746876,-,営業時間 24時間 / Open for 24 hours
品川区,東品川四丁目,-,東京都品川区東品川4-12,I1-19.品川シーサイド公園第2 / Shinagawa Sea Side Park Dai-2,35.61014,139.74892,-,営業時間 24時間 / Open for 24 hours
品川区,八潮五丁目,-,東京都品川区八潮5-6,I1-20.しおじ公園 / Shioji Park,35.597341,139.749552,-,営業時間 24時間 / Open for 24 hours
品川区,勝島二丁目,-,東京都品川区勝島2-1-2,I1-21.大井競馬場（正門前）/ Oi Racecourse (Main Gate),35.593503,139.743291,-,営業時間 24時間 / Open for 24 hours
品川区,勝島一丁目,-,東京都品川区勝島1-1-6,I1-22.ウィラ大井（ショッピングモール）/ WiRA Ooi (Shopping Mall),35.601441,139.744593,-,営業時間 / Open 7:30-23:30
品川区,北品川三丁目,-,東京都品川区北品川3-11,I1-23.東海橋防災船着場 / Tokai Bridge Disaster Prevention Port,35.616355,139.739693,-,営業時間 24時間 / Open for 24 hours
品川区,勝島三丁目,-,東京都品川区勝島3-2-1,I1-24.しながわ区民公園（中央口）/ Shinagawa-kumin Park (Central Entrance),35.588475,139.7375,-,営業時間 24時間 / Open for 24 hours
品川区,旗の台二丁目,-,東京都品川区旗の台2-4-22,I1-25.セブン-イレブン 品川旗の台２丁目店 / 7-Eleven Shinagawa Hatanodai 2 Chome shop,35.607161,139.705105,-,営業時間 24時間 / Open for 24 hours
品川区,大崎二丁目,-,東京都品川区大崎2-11,I1-26.大崎西口公園 / Osaki Nishiguchi Park,35.61681,139.729486,-,営業時間 24時間 / Open for 24 hours
品川区,北品川五丁目,-,東京都品川区北品川5-7,I1-27.小関橋公園? / Koseki Bashi Park,35.620874,139.731299,-,営業時間 24時間 / Open for 24 hours
品川区,荏原三丁目,-,東京都品川区荏原3-8-14,"I1-28.ローソン 品川荏原三丁目店
?/ LAWSON Shinagawa Ebara 3 Chome shop",35.617397,139.706395,-,営業時間 24時間 / Open for 24 hours
品川区,勝島一丁目,-,東京都品川区勝島1-3-2,I1-29.ローソン 勝島一丁目店 / LAWSON Katsushima 1 Chome shop,35.599885,139.74511,-,営業時間 24時間 / Open for 24 hours
品川区,大井三丁目,-,東京都品川区大井3-1-1,I1-30.ローソン 大井三丁目店 / LAWSON Oi 3 Chome shop,35.603254,139.728953,-,営業時間 24時間 / Open for 24 hours
品川区,戸越五丁目,-,東京都品川区戸越5-20-12,I1-31.セブン-イレブン 品川戸越5丁目店 / Seven-Eleven Shinagawa Togoshi 5 Chome shop,35.608217,139.719184,-,営業時間 24時間 / Open for 24 hours
品川区,東品川三丁目,-,東京都品川区東品川3-24-16,I1-32.ローソン 東品川三丁目店 / LAWSON Higashi-Shinagawa 3 Chome shop,35.611177,139.745684,-,営業時間 24時間 / Open for 24 hours
品川区,東品川三丁目,-,東京都品川区東品川3-28-22,I1-34.NTT品川ビル / NTT Shinagawa Build,35.611817,139.747823,休止中（2023年2月時点）,営業時間 24時間 / Open for 24 hours
品川区,東品川二丁目,-,東京都品川区東品川2-3-10,I1-35.シーフォートスクエア / Sea Fort Square,35.624196,139.751025,-,営業時間 24時間 / Open for 24 hours
品川区,南大井六丁目,-,東京都品川区南大井6-11-13,I1-36.ローソン 南大井六丁目店 / LAWSON Minami-Oi 6 Chome shop,35.590752,139.732893,-,営業時間 24時間 / Open for 24 hours
品川区,北品川六丁目,-,東京都品川区北品川6-7-29,I1-37.ガーデンシティ品川御殿山 / Garden City Shinagawa Gotenyama,35.623928,139.733633,-,営業時間 24時間 / Open for 24 hours
品川区,八潮三丁目,-,東京都品川区八潮3-2-38,I1-38.ローソン 八潮三丁目店 / LAWSON Yashio 3 Chome shop,35.593942,139.761059,-,営業時間 24時間 / Open for 24 hours
品川区,西五反田三丁目,-,東京都品川区西五反田3-15-6,I1-39.MID POINT 目黒不動前 / MID POINT Meguro Fudomae,35.6281,139.713123,-,営業時間 24時間 / Open for 24 hours
品川区,北品川四丁目,-,東京都品川区北品川4-7-35,I1-40.御殿山トラストタワー / GOTENYAMA TRUST TOWER,35.622199,139.737004,-,営業時間 24時間 / Open for 24 hours
品川区,南品川二丁目,-,東京都品川区南品川2-3,I1-42.京急青横駐車場 / KEIKYU Parking Aoyoko,35.611475,139.742129,-,営業時間 24時間 / Open for 24 hours
品川区,南大井一丁目,-,東京都品川区南大井1-13,I1-43.京急南大井駐車場 / KEIKYU Parking Minamioi,35.595316,139.737,-,営業時間 24時間 / Open for 24 hours
品川区,大井四丁目,-,東京都品川区大井4-3,I1-44.大井三ツ又商店街入口 / Oi-Mitsumata-Shopping Street Entrance,35.604343,139.734308,-,営業時間 24時間 / Open for 24 hours
品川区,西五反田三丁目,-,東京都品川区西五反田3-7-10,I1-45.セブン-イレブン品川西五反田3丁目店 / Seven Eleven Shinagawa Nishi Gotanda 3 Chome Store,35.62569,139.718122,-,営業時間 24時間 / Open for 24 hours
品川区,東中延二丁目,-,東京都品川区東中延2-4-6,I1-46.セブン-イレブン品川東中延2丁目店 / Seven-Eleven Shinagawa Higashi-Nakanobu 2 Chome shop,35.608994,139.714115,-,営業時間 24時間 / Open for 24 hours
品川区,東五反田五丁目,-,東京都品川区東五反田5-9-22,I1-47. NTT東日本 関東病院（南側） /? NTT Medical Center Tokyo(South Side),35.63092,139.724949,-,営業時間 24時間 / Open for 24 hours
品川区,東五反田五丁目,-,東京都品川区東五反田5-9-22,I1-48. NTT東日本 関東病院（北側） / NTT Medical Center Tokyo(North Side),35.63092,139.724949,-,営業時間 24時間 / Open for 24 hours
品川区,東大井一丁目,-,東京都品川区東大井1-22,I1-49.京急鮫洲バイク駐輪場 / KEIKYU Bicycle Parking Samezu,35.603757,139.74171,-,営業時間 24時間 / Open for 24 hours
品川区,東大井二丁目,-,東京都品川区東大井2-21,I1-50.京急立会川第2バイク駐輪場 / KEIKYU Bicycle Parking Tachiaigawa 2,35.599088,139.738791,-,営業時間 24時間 / Open for 24 hours
品川区,南大井三丁目,-,東京都品川区南大井3-32,I1-51.京急鈴ヶ森駐車場 / KEIKYU Parking Suzugamori,35.587647,139.735511,-,営業時間 24時間 / Open for 24 hours
品川区,東品川四丁目,-,東京都品川区東品川4-10-18,I1-52.カスタリアタワー品川シーサイド / CASTALIA Tower Shinagawa Seaside,35.607418,139.746699,-,営業時間 24時間 / Open for 24 hours
品川区,東品川二丁目,-,東京都品川区東品川2-5-42,I1-53.天王洲公園 / Tennozu Park,35.620544,139.74927,-,営業時間 24時間 / Open for 24 hours
品川区,東品川二丁目,-,東京都品川区東品川2-2-20,I1-54.天王洲オーシャンスクエア / Tennoz Ocean Square,35.62221,139.750087,-,営業時間 24時間 / Open for 24 hours
品川区,南大井四丁目,-,東京都品川区南大井4-18-14,I1-55.鈴ヶ森公園 / Suzugamori Park,35.593327,139.734961,-,営業時間 24時間 / Open for 24 hours
品川区,西五反田一丁目,-,東京都品川区西五反田1-31-1 日本生命五反田ビル1階,I1-56.d garden（ドコモショップ五反田店） / d garden (docomo shop Gotanda),35.624443,139.721955,-,営業時間 / Open 10:00 - 19:00定休日 / Close? 火曜日 Tuesday※ｼｮｯﾌﾟ内に設置されたﾎﾟｰﾄのため､d garden五反田店の営業時間に準じます｡
品川区,南大井六丁目,-,東京都品川区南大井6-15-11,I1-57.大井水神公園 / Oi-Suijin Park,35.589755,139.729248,-,営業時間 24時間 / Open for 24 hours
品川区,広町二丁目,-,東京都品川区広町2-1-36,I1-58.品川区役所 第二庁舎前 / Shinagawa City Office Beside 2nd Building,35.608836,139.730241,-,営業時間 24時間 / Open for 24 hours
品川区,豊町一丁目,-,東京都品川区豊町1-16-23,I1-59.文庫の森第一 / Bunko-no-mori 1,35.61228,139.720517,-,営業時間 24時間 / Open for 24 hours
品川区,豊町一丁目,-,東京都品川区豊町1-16-23,I1-60.文庫の森第二 / Bunko-no-mori 2,35.61228,139.720517,-,営業時間 24時間 / Open for 24 hours
品川区,西五反田六丁目,-,東京都品川区西五反田6-5-1,I1-61.五反田文化センター / Gotanda Culture Center,35.622459,139.716639,-,営業時間 / Mon. -Sat. 8:30 - 21:00日祝日/ Sun. Holiday 8:30 - 19:00休館日 / Close: 毎月第4月曜日 / 4th Monday年末年始(12月29日~1月3日)/ 29th Dec. - 3rd Jan※施設内に設置されたﾎﾟｰﾄのため､五反田文化ｾﾝﾀｰの休館日に準じます｡
品川区,東品川一丁目,-,東京都品川区東品川1-3-15,I1-62.天王洲Rim / TENNOZ Rim,35.622363,139.745867,-,営業時間 24時間 / Open for 24 hours
品川区,西五反田三丁目,-,東京都品川区西五反田3-6-22,I1-63.セブン-イレブン西五反田店 / Seven-Eleven Nishi Gotanda Store,35.627628,139.719086,-,営業時間 24時間 / Open for 24 hours
品川区,東五反田二丁目,-,東京都品川区東五反田2-22-13,"I1-64.株式会社ユアス ゆうパック取扱所：ポストのうしろ / Japan Post's domestic parcel delivery service center : YOURS, LTD.",35.623007,139.731071,-,営業時間 24時間 / Open for 24 hours
品川区,東大井一丁目,-,東京都品川区東大井1-1-10,I1-65.セブン-イレブン品川東大井1丁目店 / Seven-Eleven Shinagawa Higashi-Oi 1 Chome Store,35.606431,139.743388,-,営業時間 24時間 / Open for 24 hours
品川区,南大井一丁目,-,東京都品川区南大井１丁目,I1-66.南大井文化センター駐車場 / Minami-Oi Cultural Center Parking,35.595969,139.73774,-,"営業時間 / Open月〜土 / Mon.-Sat. 8:30-21:00日・祝 / Sun. Holiday 8:30-17:00休館日：毎月第4月曜日、年末年始（12月29日〜1月3日）※施設内に設置されたポートのため、南大井文化センターの休館日に準じます。Due to the New Year's holiday season, we will close from December 29 to January 3. The facility closes the 4th Monday of eac"
品川区,八潮五丁目,-,東京都品川区八潮5-11-16,I1-67.八潮公園第一 / Yashio Park Dai-1,35.600327,139.753729,-,営業時間 24時間 / Open for 24 hours
品川区,八潮五丁目,-,東京都品川区八潮5-11-16,I1-68.八潮公園第二 / Yashio Park Dai-2,35.600327,139.753729,-,営業時間 24時間 / Open for 24 hours
品川区,戸越一丁目,-,東京都品川区戸越1-27-1,I1-69.戸越1丁目 / Togoshi 1 Chome,35.616955,139.721384,休止中（2023年2月時点）,営業時間 24時間 / Open for 24 hours
品川区,西五反田一丁目,-,東京都品川区西五反田1-10-2,I1-70.五反田リバーステーション / Gotanda RIVER STATION,35.624826,139.723844,-,営業時間 24時間 / Open for 24 hours
品川区,南大井四丁目,-,東京都品川区南大井4-9-2,I1-71.セブン-イレブン南大井浜川店 / Seven-Eleven Minami-Oi Hamakawa Store,35.596352,139.735539,-,営業時間 24時間 / Open for 24 hours
品川区,大井五丁目,-,東京都品川区大井5-2-11,I1-72.セブン-イレブン大井店 / Seven-Eleven Oi Store,35.600179,139.728089,-,営業時間 24時間 / Open for 24 hours
品川区,西五反田六丁目,-,東京都品川区西五反田6-7-2,I1-74.セブン-イレブン西五反田6丁目店 / Seven-Eleven Nishi Gotanda 6 Chome Store,35.62239,139.717606,-,営業時間 24時間 / Open for 24 hours
品川区,二葉四丁目,-,東京都品川区二葉4-1-17,I1-75.セブン-イレブン品川二葉4丁目店 / Seven-Eleven Shinagawa Futaba 4 Chome Store,35.603253,139.713507,-,営業時間 24時間 / Open for 24 hours
品川区,西中延一丁目,-,東京都品川区西中延1-6-18,I1-77.セブン-イレブン品川西中延1丁目店 / Seven-Eleven Shinagawa Nishi-Nakanobu 1 chome,35.612319,139.708288,-,営業時間 24時間 / Open for 24 hours
品川区,西大井六丁目,-,東京都品川区西大井6-5-1,I1-78.セブン-イレブン西大井店 / Seven-Eleven Nishi-Oi,35.601378,139.718687,-,営業時間 24時間 / Open for 24 hours
品川区,東品川一丁目,-,東京都品川区東品川1-7,I1-79.品川浦第二 / Shinagawa-ura Dai-2,35.621607,139.741851,-,営業時間 24時間 / Open for 24 hours
品川区,東品川一丁目,-,東京都品川区東品川1-2-5,I1-80.リバーサイド品川港南ビル / RIVERSIDE Shinagawa Kounan Building,35.622843,139.744568,-,営業時間 24時間 / Open for 24 hours
品川区,戸越六丁目,-,東京都品川区戸越6-7-24,I1-81.戸越6丁目 / Togoshi 6 Chome,35.608155,139.717709,-,営業時間 24時間 / Open for 24 hours
品川区,西五反田四丁目,-,東京都品川区西五反田 4-5-1,I1-82.トミンハイム西五反田四丁目 / Tomin Heim Nishi-Gotanda 4 Chome,35.627245,139.711667,-,営業時間 24時間 / Open for 24 hours
品川区,八潮五丁目,-,東京都品川区八潮5-5,I1-83.かもめ歩道橋 / Kamome Footbridge,35.599485,139.750046,-,営業時間 24時間 / Open for 24 hours
品川区,西品川二丁目,-,東京都品川区西品川2-4-7,I1-84.セブン-イレブン西品川2丁目店 / Seven-Eleven Nishi-Shinagawa 2 chome,35.61388,139.728494,-,営業時間 24時間 / Open for 24 hours
品川区,北品川一丁目,-,東京都品川区北品川1-23-19,I1-85.GOODOFFICE品川 /? GOODOFFICE Shinagawa,35.62106,139.741265,-,営業時間 24時間 / Open for 24 hours
品川区,二葉三丁目,-,東京都品川区二葉3-29-10,I1-86.ファミリーマート二葉三丁目店 / FamilyMart Futaba 3 Chome,35.601806,139.719817,-,営業時間 24時間 / Open for 24 hours
品川区,西大井二丁目,-,東京都品川区西大井2-14-3,I1-87.セブン-イレブン西大井滝王子通り店 / Seven-Eleven Nishi-Oi Takioji dori,35.599629,139.723492,-,営業時間 24時間 / Open for 24 hours
品川区,南大井三丁目,-,東京都品川区南大井3-30-8,I1-88.セブン-イレブン品川南大井3丁目店 / Seven-Eleven Shinagawa Minami-Oi 3 Chome,35.587789,139.734517,-,営業時間 24時間 / Open for 24 hours
品川区,二葉一丁目,-,東京都品川区二葉1-1先,I1-89.下神明駅自転車駐車場 / Shimoshinmei Station Bicycle Parking Lot,35.608278,139.725514,-,営業時間 24時間 / Open for 24 hours
品川区,上大崎三丁目,-,東京都品川区上大崎3-5-8,I1-91.アクロス目黒タワー / Across Meguro Tower,35.634164,139.719497,-,営業時間 24時間 / Open for 24 hours
品川区,八潮四丁目,-,東京都品川区八潮4-2,I1-92.中央海浜公園前交差点（北側）/ Central Seaside Park front intersection (North Side),35.592753,139.749785,-,営業時間 24時間 / Open for 24 hours
品川区,八潮四丁目,-,東京都品川区八潮4-2,I1-93.中央海浜公園前交差点（南側）/ Central Seaside Park front intersection (South Side),35.592753,139.749785,-,営業時間 24時間 / Open for 24 hours
品川区,小山台一丁目,-,東京都品川区小山台1-20-20,I1-94.ローソン LTF品川小山台店 / LAWSON LTF Shinagawa Koyamadai shop,35.6226,139.705457,-,営業時間 24時間 / Open for 24 hours
品川区,八潮三丁目,-,東京都品川区八潮3-3-22,I1-95.東京レールゲート EAST / TOKYO RAIL GATE EAST,35.584986,139.75811,-,営業時間 24時間 / Open for 24 hours
品川区,西五反田二丁目,-,東京都品川区西五反田2-1-1,I1-96.西五反田２丁目 / Nishi-Gotanda 2 Chome,35.627979,139.720739,休止中（2023年2月時点）,営業時間 24時間 / Open for 24 hours
品川区,東品川三丁目,-,東京都品川区東品川3-19-2,I1-97.トミンハイム東品川三丁目第二 / Tomin Heim Higashishinagawa3-chome Dai-2,35.613383,139.749037,-,営業時間 24時間 / Open for 24 hours
品川区,中延五丁目,-,東京都品川区中延5-4-1,I1-98.コーポ荏原 / Corpo Ebara,35.603996,139.709746,-,営業時間 24時間 / Open for 24 hours
品川区,北品川二丁目,-,東京都品川区北品川2-33-5,I1-99.北品川２丁目 / Kitashinagawa 2-Chome,35.616602,139.74192,-,営業時間 24時間 / Open for 24 hours
渋谷区,宇田川町,-,東京都渋谷区宇田川町1-1,M1-01.渋谷区役所 / Shibuya City Office,35.663954,139.698077,-,営業時間 24時間 / Open for 24 hours
渋谷区,恵比寿二丁目,-,東京都渋谷区恵比寿2-27-18,M2-01.恵比寿保健相談所（恵比寿社会教育館）/ Ebisu Public Health Consultation Center,35.645301,139.719613,-,営業時間 24時間 / Open for 24 hours
渋谷区,恵比寿四丁目,-,東京都渋谷区恵比寿4-20-55,M2-02.アメリカ橋公園 / American Bridge Park,35.643163,139.713234,-,営業時間 24時間 / Open for 24 hours
渋谷区,恵比寿四丁目,-,東京都渋谷区恵比寿4-2-6恵比寿駅東口自転車駐車場2F,M2-03.サイカパーク恵比寿(2階) / Saika Park Ebisu (2nd?floor),35.646856,139.710541,-,営業時間 24時間 / Open for 24 hours※JR｢恵比寿駅｣東口より徒歩1分､｢ｻﾝｸｽ恵比寿東口店｣の前にある､ｻｲｶﾊﾟｰｸ恵比寿駅東口 自転車駐輪場 2階の右奥にあります｡
渋谷区,広尾四丁目,-,東京都渋谷区広尾4-2-27,M2-04.広尾東公園 / Hiroo-Higashi Park,35.653331,139.721116,-,営業時間 24時間 / Open for 24 hours
渋谷区,広尾四丁目,-,東京都渋谷区広尾4-1-22,M2-05.日本赤十字医療センター / Japanese Red Cross Medical Center,35.654439,139.717944,-,営業時間 24時間 / Open for 24 hours
渋谷区,恵比寿一丁目,-,東京都渋谷区恵比寿1-28-1,M2-06.あいおいニッセイ同和損保恵比寿ビル / Aioi Nissay Dowa Insurance Ebisu Bldg.,35.647584,139.715514,-,営業時間 24時間 / Open for 24 hours
渋谷区,恵比寿一丁目,-,東京都渋谷区恵比寿1-19-23,M2-07.ファミリーマート恵比寿駅東店 / FamilyMart Ebisu Station East Store,35.647265,139.712731,-,営業時間 24時間 / Open for 24 hours
渋谷区,鉢山町,-,東京都渋谷区鉢山町9-31,M2-11.鉢山町 / Hachiyama-cho,35.651349,139.697995,-,営業時間 24時間 / Open for 24 hours
渋谷区,道玄坂一丁目,-,東京都渋谷区道玄坂1-12-1,M3-01.渋谷マークシティ / SHIBUYA MARK CITY,35.658041,139.698262,-,営業時間 / Open 6:00-23:59※ﾅﾁｭﾗﾙﾛｰｿﾝ｢渋谷道玄坂一丁目店｣の脇道奥､および渋谷ﾏｰｸｼﾃｨｳｴｽﾄ 4Fの｢Zoff Plus 渋谷ﾏｰｸｼﾃｨ店｣と｢ﾁｪﾙｼｰｶﾌｪ 渋谷ﾏｰｸｼﾃｨ店｣の間になります｡
渋谷区,桜丘町,-,東京都渋谷区桜ヶ丘23-21,M3-02.文化総合センター大和田 / Shibuya Cultural Center Owada,35.655514,139.699962,-,営業時間 24時間 / Open for 24 hours
渋谷区,猿楽町,-,東京都渋谷区猿楽町17-5,M3-03.代官山T-SITE / DAIKANYAMA T-SITE,35.64887,139.699759,-,営業時間 24時間 / Open for 24 hours
渋谷区,渋谷三丁目,-,東京都渋谷区渋谷3-8-12,M3-06.渋谷第一生命ビル /?Shibuya Daiichi Seimei Bldg.,35.657555,139.704128,-,営業時間 24時間 / Open for 24 hours
渋谷区,神泉町,-,東京都渋谷区神泉町8-16,M3-07.渋谷ファーストプレイス /?Shibuya First Place,35.655319,139.693779,-,営業時間 24時間 / Open for 24 hours
渋谷区,宇田川町,-,東京都渋谷区宇田川町16-4,M3-09.ティップ.クロス TOKYO 渋谷 / TIP.X TOKYO Shibuya,35.661252,139.699181,-,営業時間 / Open平日 / Weekday 7:00-23:00土曜 / Sat. 9:30-22:00日・祝日 / Sun. and Holidays 9:30-20:00金 / Friday Regular closed day毎週金曜日は休館日です。上記利用時間外は自転車の貸出返却ができませんのでご注意下さい。毎月4日・20日は全館休館のため、ポートもご利用できなくなります。It will be closed on the 4th and the 20th of every month sinc
渋谷区,恵比寿一丁目,-,東京都渋谷区恵比寿1-19-15,M3-10.ウノサワ東急ビル / Unosawa Tokyu Bldg,35.647418,139.713208,-,営業時間 24時間 / Open for 24 hours
渋谷区,道玄坂一丁目,-,東京都渋谷区道玄坂1-10-8,M3-11.渋谷道玄坂東急ビル/ Shibuya Dogenzaka Tokyu Bldg,35.656958,139.69852,-,営業時間 / Open 5:10 - 23:50
渋谷区,渋谷三丁目,-,東京都渋谷区渋谷3-12-18,M3-12.渋谷南東急ビル / Shibuya South Tokyu Bldg.,35.656319,139.706081,-,営業時間 24時間 / Open for 24 hours
渋谷区,渋谷二丁目,-,東京都渋谷区渋谷2-22,M3-13.渋谷駅東口地下駐輪場 / Shibuya Station East Bicycle Basement,35.658269,139.703059,-,営業時間 / Open 4:30 - 25:30
渋谷区,恵比寿西一丁目,-,東京都渋谷区恵比寿西1-33-6,M3-15.co-ba ebisu,35.646929,139.703948,-,営業時間 24時間 / Open for 24 hours
渋谷区,渋谷一丁目,-,東京都渋谷区渋谷1-23-21,M3-19.渋谷キャスト / SHIBUYA CAST,35.66253,139.703017,-,営業時間 24時間 / Open for 24 hours
渋谷区,渋谷三丁目,-,東京都渋谷区渋谷3-26-21,M3-20.東急ステイ渋谷新南口 / TOKYU STAY Shibuya Shin-minamiguchi,35.654825,139.705131,-,営業時間 24時間 / Open for 24 hours
渋谷区,道玄坂一丁目,-,東京都渋谷区道玄坂1-21-1,M3-21.渋谷ソラスタ / SHIBUYA SOLASTA,35.656377,139.696496,-,営業時間 24時間 / Open for 24 hours
渋谷区,恵比寿三丁目,-,東京都渋谷区恵比寿3-7-2,M3-22.森谷ビル / Moriya Bldg,35.645106,139.716888,-,営業時間 24時間 / Open for 24 hours
渋谷区,円山町,-,東京都渋谷区円山町7-1,M3-23.円山町7-1 / Maruyama-cho7-1,35.658251,139.694857,-,営業時間 24時間 / Open for 24 hours
渋谷区,千駄ケ谷五丁目,-,東京都渋谷区千駄ヶ谷5-24-2,M4-01.新宿タカシマヤ / TAKASHIMAYA Shinjuku Store,35.686021,139.702427,-,営業時間 24時間 / Open for 24 hours
渋谷区,千駄ケ谷五丁目,-,東京都渋谷区千駄ヶ谷5-24-3,M4-03.NTTドコモ代々木ビル / NTT Docomo Yoyogi Bldg.,35.684399,139.703144,-,営業時間 24時間 / Open for 24 hours
渋谷区,神宮前三丁目,-,東京都渋谷区神宮前3-25-28,M4-06.THE SHARE 原宿 / THE SHARE Harajuku,35.671479,139.708211,-,営業時間 24時間 / Open for 24 hours
渋谷区,千駄ケ谷一丁目,-,東京都渋谷区千駄ヶ谷1-32,M4-07.千駄ヶ谷駅前 / Sendagaya Station,35.6807,139.712738,-,営業時間 24時間 / Open for 24 hours
渋谷区,神宮前六丁目,-,東京都渋谷区神宮前6-12-6,M4-13.J-cube,35.666212,139.70452,-,営業時間 24時間 / Open for 24 hours
渋谷区,千駄ケ谷三丁目,-,東京都渋谷区千駄ヶ谷3-20-1 六美ビル,M4-14.未来のピース保育園前 / Mirai no Peace Hoikuen,35.676999,139.708994,-,営業時間 24時間 / Open for 24 hours
渋谷区,神宮前二丁目,-,東京都渋谷区神宮前2-26-10,M4-15.Yados神宮前 / Yados Jingumae,35.67396,139.710065,-,営業時間 24時間 / Open for 24 hours
渋谷区,神宮前六丁目,-,東京都渋谷区神宮前6-35-6,M4-16.神宮前6丁目 / Jingumae 6-chome,35.669064,139.702531,-,営業時間 24時間 / Open for 24 hours
渋谷区,初台一丁目,-,"東京都渋谷区初台1-53,54先",M5-01.初台駅南口 / Hatsudai Sta. South Exit,35.679474,139.686957,-,営業時間 24時間 / Open for 24 hours
渋谷区,代々木三丁目,-,東京都渋谷区代々木3-25-3,M5-02.あいおいニッセイ同和損保新宿ビル / Aioi Nissay Dowa Insurance Shinjuku Bldg.,35.684713,139.692298,-,営業時間 24時間 / Open for 24 hours
渋谷区,西原二丁目,-,東京都渋谷区西原2-53-1,M5-03.代々木大山公園 / Yoyogi Oyama Park,35.671575,139.674789,-,営業時間 24時間 / Open for 24 hours
渋谷区,上原三丁目,-,東京都渋谷区上原3-6-12,M5-08.古賀政男音楽博物館 / Koga Masao Music Museum,35.66782,139.680038,-,営業時間 24時間 / Open for 24 hours
渋谷区,西原三丁目,-,東京都渋谷区西原3-8,M5-09.代々木上原駅前 / Yoyogi-Uehara Station,35.668903,139.679474,-,営業時間 24時間 / Open for 24 hours
渋谷区,富ケ谷二丁目,-,東京都渋谷区富ヶ谷2-5-15,M5-10.富ヶ谷2丁目 / Tomigaya 2 chome,35.665932,139.686404,-,営業時間 24時間 / Open for 24 hours
渋谷区,代々木二丁目,-,東京都渋谷区代々木2-9-2,M5-11.あおい通り/ Aoi Street,35.68819,139.698539,-,営業時間 24時間 / Open for 24 hours
渋谷区,初台二丁目,-,東京都渋谷区初台2-6-9,M5-13.セブン-イレブン初台店 / Seven-Eleven Hatsudai Store,35.675111,139.684593,-,営業時間 24時間 / Open for 24 hours
渋谷区,代々木一丁目,-,東京都渋谷区代々木1-30-14,M5-14.天翔代々木ANNEX / TENSHO YOYOGI ANNEX,35.681511,139.70165,-,営業時間 24時間 / Open for 24 hours
渋谷区,代々木二丁目,-,東京都渋谷区代々木2-1-1,M5-15.新宿マインズタワー / SHINJUKU MAYNDS TOWER,35.686888,139.698322,-,営業時間 24時間 / Open for 24 hours
渋谷区,代々木五丁目,-,東京都渋谷谷区代々木5-7-2,M5-16.ローソン代々木八幡駅北店 / LAWSON Yoyogihachiman Station North shop,35.669846,139.688625,-,営業時間 24時間 / Open for 24 hours
渋谷区,千駄ケ谷五丁目,-,東京都渋谷区代々木2-2-1,M5-17.小田急サザンタワー / Odakyu Southern Tower,35.68761,139.700386,-,営業時間 24時間 / Open for 24 hours
渋谷区,初台一丁目,-,東京都渋谷区初台1-14-7,M5-18.Luxe初台 / Luxe Hatsudai,35.679109,139.685963,-,営業時間 24時間 / Open for 24 hours
渋谷区,代々木一丁目,-,東京都渋谷区代々木1-49-5,M5-19.グランリヴィエール代々木 / Grand Riviere Yoyogi,35.682904,139.698417,-,営業時間 24時間 / Open for 24 hours
渋谷区,幡ケ谷二丁目,-,東京都渋谷区幡ヶ谷2-13先,M6-01.幡ヶ谷駅高架下第一 / Hatagaya Sta. Underpass 1st,35.677622,139.67653,-,営業時間 24時間 / Open for 24 hours
渋谷区,笹塚一丁目,-,東京都渋谷区笹塚1-46-1,M6-02.サイカパーク笹塚 / Saika Park Sasazuka,35.672844,139.665698,-,営業時間 24時間 / Open for 24 hours
渋谷区,笹塚二丁目,-,東京都渋谷区笹塚2-32-8,M6-03.十三号通り公園 / 13 St. Park,35.674855,139.663423,-,営業時間 24時間 / Open for 24 hours
渋谷区,本町四丁目,-,東京都渋谷区本町4-11-5,M6-04.本町東べんてん橋公園 / Honmachi-Higashi Benten Bridge Park,35.687243,139.680774,-,営業時間 24時間 / Open for 24 hours
渋谷区,幡ケ谷二丁目,-,東京都渋谷区幡ヶ谷2-53-5,M6-05.七号通り公園 / 7 St. Park,35.679077,139.674799,-,営業時間 24時間 / Open for 24 hours
渋谷区,笹塚二丁目,-,東京都渋谷区笹塚2-1,M6-07.笹塚東 / Sasazuka Higashi,35.676072,139.670186,-,営業時間 24時間 / Open for 24 hours
渋谷区,本町六丁目,-,東京都渋谷区本町6-27-10,M6-08.Be Good 幡ヶ谷 / Be Good Hatagaya,35.682382,139.677457,-,営業時間 24時間 / Open for 24 hours
渋谷区,本町二丁目,-,東京都渋谷区本町2-2-2,M6-09.ファミリーマート渋谷本町店 / Family Mart Shibuya Honmachi Store,35.683796,139.684943,-,営業時間 24時間 / Open for 24 hours
渋谷区,幡ケ谷一丁目,-,東京都渋谷区幡ヶ谷1-1-1,M6-10.京王コインパーク幡ヶ谷 / KEIO Coinpark Hatagaya,35.677338,139.678249,-,営業時間 24時間 / Open for 24 hours
渋谷区,笹塚一丁目,-,東京都渋谷区笹塚1-54,M6-11.京王サイクルパーク笹塚 / KEIO Cyclepark Sasazuka,35.674761,139.669356,-,営業時間 24時間 / Open for 24 hours
渋谷区,幡ケ谷三丁目,-,東京都渋谷区幡ヶ谷3-61-1,"M6-12.LIVART SEASON 幡ヶ谷
/ LIVART SEASON HATAGAYA",35.683171,139.673291,-,営業時間 24時間 / Open for 24 hours
渋谷区,西原二丁目,-,東京都渋谷区西原2-49-5,M6-13.JICA東京 / JICA TOKYO,35.672808,139.674525,-,営業時間 24時間 / Open for 24 hours
渋谷区,笹塚一丁目,-,東京都渋谷区笹塚1-60-5,M6-14.ドコモショップ笹塚店 / docomo shop Sasazuka,35.673172,139.663903,-,営業時間 24時間 / Open for 24 hours
渋谷区,幡ケ谷二丁目,-,東京都渋谷区幡ヶ谷2-19-9,M6-15.Cova Hatagaya,35.677274,139.673738,-,営業時間 24時間 / Open for 24 hours
渋谷区,西原二丁目,-,東京都渋谷区西原2-26-5,M6-16.パールマンション / Pearl Mansion,35.674583,139.678571,-,営業時間 24時間 / Open for 24 hours
